Border,From,To,Year,NTC_F,NTC_B
AL-GR,AL,GR,2030,600,600
AL-ME,AL,ME,2030,2240,2240
AL-MK,AL,MK,2030,1420,1420
AL-RS,AL,RS,2030,0,0
AL-XK,AL,XK,2030,810,810
AT-CH,AT,CH,2030,1510,1510
AT-CZ,AT,CZ,2030,1820,1820
AT-DE,AT,DE,2030,8420,8420
AT-HU,AT,HU,2030,1720,1720
AT-IT,AT,IT,2030,1795,1615
AT-SI,AT,SI,2030,2790,2790
AT-SK,AT,SK,2030,0,0
BA-HR,BA,HR,2030,900,800
BA-ME,BA,ME,2030,2340,2340
BA-RS,BA,RS,2030,1640,1680
BE-DE,BE,DE,2030,1000,1000
BE-FR,BE,FR,2030,3720,5220
BE-LU,BE,LU,2030,1600,1100
BE-NL,BE,NL,2030,4320,4320
BE-NW,BE,NW,2030,1400,1400
BE-UK,BE,UK,2030,5000,5000
BG-GR,BG,GR,2030,1700,1400
BG-MK,BG,MK,2030,400,400
BG-RO,BG,RO,2030,2190,2190
BG-RS,BG,RS,2030,380,350
BG-TR,BG,TR,2030,2740,2340
BW-DE,BW,DE,2030,0,0
BW-DK,BW,DK,2030,0,0
BW-EE,BW,EE,2030,0,0
BW-LT,BW,LT,2030,0,0
BW-LV,BW,LV,2030,0,0
CH-DE,CH,DE,2030,6040,6240
CH-FR,CH,FR,2030,3120,5420
CH-IT,CH,IT,2030,7612,4950
CW-UK,CW,UK,2030,0,0
CY-GR,CY,GR,2030,1000,1000
CY-IL,CY,IL,2030,1000,1000
CZ-DE,CZ,DE,2030,2600,3000
CZ-PL,CZ,PL,2030,1520,1720
CZ-SK,CZ,SK,2030,2110,1410
DE-DK,DE,DK,2030,6500,6500
DE-FR,DE,FR,2030,6300,6300
DE-GR,DE,GR,2030,3000,3000
DE-LU,DE,LU,2030,4100,4100
DE-MA,DE,MA,2030,0,0
DE-NL,DE,NL,2030,5920,5920
DE-NO,DE,NO,2030,1400,1400
DE-PL,DE,PL,2030,3840,4840
DE-SE,DE,SE,2030,5315,5315
DE-UK,DE,UK,2030,3240,3240
DK-NL,DK,NL,2030,700,700
DK-NO,DK,NO,2030,4632,4632
DK-NW,DK,NW,2030,0,0
DK-PL,DK,PL,2030,0,0
DK-SE,DK,SE,2030,5165,4765
DK-UK,DK,UK,2030,3240,3240
DZ-IT,DZ,IT,2030,0,0
DZ-MA,DZ,MA,2030,1000,1000
DZ-TN,DZ,TN,2030,250,250
EE-FI,EE,FI,2030,1016,1016
EE-LV,EE,LV,2030,1870,1799
EE-RU,EE,RU,2030,0,0
EG-GR,EG,GR,2030,3000,3000
EG-LY,EG,LY,2030,240,240
EG-SA,EG,SA,2030,1680,1260
ES-FR,ES,FR,2030,8000,8000
ES-IT,ES,IT,2030,1840,1840
ES-MA,ES,MA,2030,900,600
ES-PT,ES,PT,2030,5120,4420
FI-NO,FI,NO,2030,0,0
FI-SE,FI,SE,2030,9200,9200
FR-IE,FR,IE,2030,700,700
FR-IT,FR,IT,2030,5525,3230
FR-LU,FR,LU,2030,380,0
FR-UK,FR,UK,2030,11600,11600
GR-IT,GR,IT,2030,1420,1420
GR-LY,GR,LY,2030,0,0
GR-MK,GR,MK,2030,1410,1160
GR-TR,GR,TR,2030,2500,2420
HR-HU,HR,HU,2030,800,1000
HR-RS,HR,RS,2030,1220,1320
HR-SI,HR,SI,2030,3340,3340
HU-RO,HU,RO,2030,3457,3275
HU-RS,HU,RS,2030,600,700
HU-SI,HU,SI,2030,1200,1200
HU-SK,HU,SK,2030,2110,3273
HU-UA,HU,UA,2030,1000,1000
IE-UK,IE,UK,2030,3920,3870
IL-PS,IL,PS,2030,3000,3000
IT-ME,IT,ME,2030,1520,1520
IT-MT,IT,MT,2030,450,450
IT-SI,IT,SI,2030,1390,1463
IT-TN,IT,TN,2030,1520,1520
LT-LV,LT,LV,2030,2144,2120
LT-PL,LT,PL,2030,700,700
LT-RU,LT,RU,2030,0,0
LT-SE,LT,SE,2030,700,700
LV-RU,LV,RU,2030,0,0
LV-SE,LV,SE,2030,310,310
LY-TN,LY,TN,2030,500,500
MD-RO,MD,RO,2030,480,950
MD-UA,MD,UA,2030,600,600
ME-RS,ME,RS,2030,540,1140
ME-XK,ME,XK,2030,700,700
MK-RS,MK,RS,2030,1380,1400
MK-XK,MK,XK,2030,600,700
MT-TN,MT,TN,2030,0,0
NL-NO,NL,NO,2030,700,700
NL-NW,NL,NW,2030,0,0
NL-UK,NL,UK,2030,4640,4640
NO-RU,NO,RU,2030,0,0
NO-SE,NO,SE,2030,8695,8995
NO-UK,NO,UK,2030,1400,1400
NW-UK,NW,UK,2030,1400,1400
PL-SE,PL,SE,2030,600,600
PL-SK,PL,SK,2030,781,818
PL-UA,PL,UA,2030,500,500
RO-RS,RO,RS,2030,2664,2520
RO-UA,RO,UA,2030,800,800
RS-XK,RS,XK,2030,600,500
RU-UA,RU,UA,2030,0,0
SK-UA,SK,UA,2030,400,400
AL-GR,AL,GR,2040,950,950
AL-ME,AL,ME,2040,2400,2400
AL-MK,AL,MK,2040,500,500
AL-RS,AL,RS,2040,0,0
AL-XK,AL,XK,2040,1000,1000
AT-CH,AT,CH,2040,1200,1200
AT-CZ,AT,CZ,2040,1250,1250
AT-DE,AT,DE,2040,10600,10600
AT-HU,AT,HU,2040,800,800
AT-IT,AT,IT,2040,1875,1695
AT-SI,AT,SI,2040,1950,1950
AT-SK,AT,SK,2040,0,0
BA-HR,BA,HR,2040,1544,1150
BA-ME,BA,ME,2040,1500,1500
BA-RS,BA,RS,2040,1640,1680
BE-DE,BE,DE,2040,3000,3000
BE-FR,BE,FR,2040,3800,5300
BE-LU,BE,LU,2040,1680,1180
BE-NL,BE,NL,2040,5400,4400
BE-NW,BE,NW,2040,5400,5400
BE-UK,BE,UK,2040,5000,5000
BG-GR,BG,GR,2040,3700,3400
BG-MK,BG,MK,2040,750,750
BG-RO,BG,RO,2040,4190,4190
BG-RS,BG,RS,2040,870,700
BG-TR,BG,TR,2040,2900,2500
BW-DE,BW,DE,2040,4000,2700
BW-DK,BW,DK,2040,1200,1200
BW-EE,BW,EE,2040,3500,1000
BW-LT,BW,LT,2040,2000,2000
BW-LV,BW,LV,2040,3000,3000
CH-DE,CH,DE,2040,5300,6000
CH-FR,CH,FR,2040,4200,6500
CH-IT,CH,IT,2040,7972,5310
CW-UK,CW,UK,2040,3000,3000
CY-GR,CY,GR,2040,1000,1000
CY-IL,CY,IL,2040,1000,1000
CZ-DE,CZ,DE,2040,2600,3000
CZ-PL,CZ,PL,2040,2600,2800
CZ-SK,CZ,SK,2040,2300,1600
DE-DK,DE,DK,2040,6500,6500
DE-FR,DE,FR,2040,6800,6800
DE-GR,DE,GR,2040,3000,3000
DE-LU,DE,LU,2040,5700,5700
DE-MA,DE,MA,2040,3600,3600
DE-NL,DE,NL,2040,7000,7000
DE-NO,DE,NO,2040,2800,2800
DE-PL,DE,PL,2040,4000,5000
DE-SE,DE,SE,2040,2315,2315
DE-UK,DE,UK,2040,3400,3400
DK-NL,DK,NL,2040,700,700
DK-NO,DK,NO,2040,3632,3632
DK-NW,DK,NW,2040,1400,1400
DK-PL,DK,PL,2040,0,0
DK-SE,DK,SE,2040,3805,3405
DK-UK,DK,UK,2040,3400,3400
DZ-IT,DZ,IT,2040,2000,2000
DZ-MA,DZ,MA,2040,1000,1000
DZ-TN,DZ,TN,2040,250,250
EE-FI,EE,FI,2040,2016,2016
EE-LV,EE,LV,2040,950,879
EE-RU,EE,RU,2040,0,0
EG-GR,EG,GR,2040,6600,6600
EG-LY,EG,LY,2040,240,240
EG-SA,EG,SA,2040,1680,1260
ES-FR,ES,FR,2040,10000,10000
ES-IT,ES,IT,2040,2000,2000
ES-MA,ES,MA,2040,1550,1200
ES-PT,ES,PT,2040,6200,5500
FI-NO,FI,NO,2040,150,150
FI-SE,FI,SE,2040,9200,9200
FR-IE,FR,IE,2040,700,700
FR-IT,FR,IT,2040,6605,4310
FR-LU,FR,LU,2040,380,0
FR-UK,FR,UK,2040,11600,11600
GR-IT,GR,IT,2040,1500,1500
GR-LY,GR,LY,2040,0,0
GR-MK,GR,MK,2040,2100,1850
GR-TR,GR,TR,2040,2660,2580
HR-HU,HR,HU,2040,800,1000
HR-RS,HR,RS,2040,2300,2400
HR-SI,HR,SI,2040,3500,3500
HU-RO,HU,RO,2040,7527,6675
HU-RS,HU,RS,2040,1100,1200
HU-SI,HU,SI,2040,1200,1200
HU-SK,HU,SK,2040,3900,5273
HU-UA,HU,UA,2040,1000,1000
IE-UK,IE,UK,2040,3750,3700
IL-PS,IL,PS,2040,3000,3000
IT-ME,IT,ME,2040,1600,1600
IT-MT,IT,MT,2040,450,450
IT-SI,IT,SI,2040,1480,1553
IT-TN,IT,TN,2040,5200,5200
LT-LV,LT,LV,2040,2224,2200
LT-PL,LT,PL,2040,700,700
LT-RU,LT,RU,2040,0,0
LT-SE,LT,SE,2040,700,700
LV-RU,LV,RU,2040,0,0
LV-SE,LV,SE,2040,500,500
LY-TN,LY,TN,2040,500,500
MD-RO,MD,RO,2040,830,1300
MD-UA,MD,UA,2040,600,600
ME-RS,ME,RS,2040,540,1140
ME-XK,ME,XK,2040,700,700
MK-RS,MK,RS,2040,460,480
MK-XK,MK,XK,2040,600,700
MT-TN,MT,TN,2040,500,500
NL-NO,NL,NO,2040,700,700
NL-NW,NL,NW,2040,0,0
NL-UK,NL,UK,2040,5800,5800
NO-RU,NO,RU,2040,0,0
NO-SE,NO,SE,2040,8695,8995
NO-UK,NO,UK,2040,1400,1400
NW-UK,NW,UK,2040,3800,3800
PL-SE,PL,SE,2040,1600,1600
PL-SK,PL,SK,2040,781,818
PL-UA,PL,UA,2040,500,500
RO-RS,RO,RS,2040,2984,2800
RO-UA,RO,UA,2040,800,800
RS-XK,RS,XK,2040,600,500
RU-UA,RU,UA,2040,0,0
SK-UA,SK,UA,2040,400,400
