Border,From,To,Year,NTC_F,NTC_B
AL-GR,AL,GR,2030,600,600
AL-ME,AL,ME,2030,400,400
AL-MK,AL,MK,2030,500,500
AL-RS,AL,RS,2030,0,0
AL-XK,AL,XK,2030,500,500
AT-CH,AT,CH,2030,1200,1200
AT-CZ,AT,CZ,2030,900,900
AT-DE,AT,DE,2030,7500,7500
AT-HU,AT,HU,2030,800,800
AT-IT,AT,IT,2030,875,695
AT-SI,AT,SI,2030,950,950
AT-SK,AT,SK,2030,0,0
BA-HR,BA,HR,2030,900,800
BA-ME,BA,ME,2030,500,500
BA-RS,BA,RS,2030,1640,1680
BE-DE,BE,DE,2030,1000,1000
BE-FR,BE,FR,2030,2800,4300
BE-LU,BE,LU,2030,680,180
BE-NL,BE,NL,2030,3400,3400
BE-NW,BE,NW,2030,1400,1400
BE-UK,BE,UK,2030,1000,1000
BG-GR,BG,GR,2030,1700,1400
BG-MK,BG,MK,2030,400,400
BG-RO,BG,RO,2030,2190,2190
BG-RS,BG,RS,2030,380,350
BG-TR,BG,TR,2030,900,500
BW-DE,BW,DE,2030,0,0
BW-DK,BW,DK,2030,0,0
BW-EE,BW,EE,2030,0,0
BW-LT,BW,LT,2030,0,0
BW-LV,BW,LV,2030,0,0
CH-DE,CH,DE,2030,4200,4400
CH-FR,CH,FR,2030,2200,4500
CH-IT,CH,IT,2030,6972,4310
CW-UK,CW,UK,2030,0,0
CY-GR,CY,GR,2030,1000,1000
CY-IL,CY,IL,2030,1000,1000
CZ-DE,CZ,DE,2030,2600,3000
CZ-PL,CZ,PL,2030,600,800
CZ-SK,CZ,SK,2030,1800,1100
DE-DK,DE,DK,2030,6500,6500
DE-FR,DE,FR,2030,6300,6300
DE-GR,DE,GR,2030,0,0
DE-LU,DE,LU,2030,4100,4100
DE-MA,DE,MA,2030,0,0
DE-NL,DE,NL,2030,5000,5000
DE-NO,DE,NO,2030,1400,1400
DE-PL,DE,PL,2030,2000,3000
DE-SE,DE,SE,2030,1315,1315
DE-UK,DE,UK,2030,1400,1400
DK-NL,DK,NL,2030,700,700
DK-NO,DK,NO,2030,1632,1632
DK-NW,DK,NW,2030,0,0
DK-PL,DK,PL,2030,0,0
DK-SE,DK,SE,2030,2415,2015
DK-UK,DK,UK,2030,1400,1400
DZ-IT,DZ,IT,2030,0,0
DZ-MA,DZ,MA,2030,1000,1000
DZ-TN,DZ,TN,2030,250,250
EE-FI,EE,FI,2030,1016,1016
EE-LV,EE,LV,2030,950,879
EE-RU,EE,RU,2030,0,0
EG-GR,EG,GR,2030,3000,3000
EG-LY,EG,LY,2030,240,240
EG-SA,EG,SA,2030,1680,1260
ES-FR,ES,FR,2030,5000,5000
ES-IT,ES,IT,2030,0,0
ES-MA,ES,MA,2030,900,600
ES-PT,ES,PT,2030,4200,3500
FI-NO,FI,NO,2030,0,0
FI-SE,FI,SE,2030,3200,3200
FR-IE,FR,IE,2030,700,700
FR-IT,FR,IT,2030,4605,2310
FR-LU,FR,LU,2030,380,0
FR-UK,FR,UK,2030,5600,5600
GR-IT,GR,IT,2030,500,500
GR-LY,GR,LY,2030,0,0
GR-MK,GR,MK,2030,1100,850
GR-TR,GR,TR,2030,660,580
HR-HU,HR,HU,2030,800,1000
HR-RS,HR,RS,2030,300,400
HR-SI,HR,SI,2030,1500,1500
HU-RO,HU,RO,2030,1617,1435
HU-RS,HU,RS,2030,600,700
HU-SI,HU,SI,2030,1200,1200
HU-SK,HU,SK,2030,1900,3273
HU-UA,HU,UA,2030,1000,1000
IE-UK,IE,UK,2030,3750,3700
IL-PS,IL,PS,2030,3000,3000
IT-ME,IT,ME,2030,1200,1200
IT-MT,IT,MT,2030,450,450
IT-SI,IT,SI,2030,1080,1153
IT-TN,IT,TN,2030,600,600
LT-LV,LT,LV,2030,1224,1200
LT-PL,LT,PL,2030,700,700
LT-RU,LT,RU,2030,0,0
LT-SE,LT,SE,2030,700,700
LV-RU,LV,RU,2030,0,0
LV-SE,LV,SE,2030,0,0
LY-TN,LY,TN,2030,500,500
MD-RO,MD,RO,2030,480,950
MD-UA,MD,UA,2030,600,600
ME-RS,ME,RS,2030,540,1140
ME-XK,ME,XK,2030,700,700
MK-RS,MK,RS,2030,460,480
MK-XK,MK,XK,2030,600,700
MT-TN,MT,TN,2030,0,0
NL-NO,NL,NO,2030,700,700
NL-NW,NL,NW,2030,0,0
NL-UK,NL,UK,2030,2800,2800
NO-RU,NO,RU,2030,0,0
NO-SE,NO,SE,2030,3695,3995
NO-UK,NO,UK,2030,1400,1400
NW-UK,NW,UK,2030,1400,1400
PL-SE,PL,SE,2030,600,600
PL-SK,PL,SK,2030,781,818
PL-UA,PL,UA,2030,500,500
RO-RS,RO,RS,2030,2664,2520
RO-UA,RO,UA,2030,800,800
RS-XK,RS,XK,2030,600,500
RU-UA,RU,UA,2030,0,0
SK-UA,SK,UA,2030,400,400
AL-GR,AL,GR,2040,800,800
AL-ME,AL,ME,2040,400,400
AL-MK,AL,MK,2040,500,500
AL-RS,AL,RS,2040,0,0
AL-XK,AL,XK,2040,1000,1000
AT-CH,AT,CH,2040,1200,1200
AT-CZ,AT,CZ,2040,900,900
AT-DE,AT,DE,2040,10600,10600
AT-HU,AT,HU,2040,800,800
AT-IT,AT,IT,2040,1375,1195
AT-SI,AT,SI,2040,1650,1650
AT-SK,AT,SK,2040,0,0
BA-HR,BA,HR,2040,1544,1098
BA-ME,BA,ME,2040,500,500
BA-RS,BA,RS,2040,1640,1680
BE-DE,BE,DE,2040,3000,3000
BE-FR,BE,FR,2040,3800,5300
BE-LU,BE,LU,2040,1180,680
BE-NL,BE,NL,2040,5400,4400
BE-NW,BE,NW,2040,5400,5400
BE-UK,BE,UK,2040,2400,2400
BG-GR,BG,GR,2040,3700,3400
BG-MK,BG,MK,2040,400,400
BG-RO,BG,RO,2040,4190,4190
BG-RS,BG,RS,2040,870,620
BG-TR,BG,TR,2040,2000,1200
BW-DE,BW,DE,2040,4000,2700
BW-DK,BW,DK,2040,1200,1200
BW-EE,BW,EE,2040,3500,1000
BW-LT,BW,LT,2040,2000,2000
BW-LV,BW,LV,2040,3000,3000
CH-DE,CH,DE,2040,5300,6000
CH-FR,CH,FR,2040,2200,4500
CH-IT,CH,IT,2040,7972,5310
CW-UK,CW,UK,2040,0,0
CY-GR,CY,GR,2040,1000,1000
CY-IL,CY,IL,2040,1000,1000
CZ-DE,CZ,DE,2040,2600,3000
CZ-PL,CZ,PL,2040,2600,2800
CZ-SK,CZ,SK,2040,2300,1600
DE-DK,DE,DK,2040,6500,6500
DE-FR,DE,FR,2040,6300,6300
DE-GR,DE,GR,2040,3000,3000
DE-LU,DE,LU,2040,5300,5300
DE-MA,DE,MA,2040,3600,3600
DE-NL,DE,NL,2040,7000,7000
DE-NO,DE,NO,2040,2800,2800
DE-PL,DE,PL,2040,2000,3000
DE-SE,DE,SE,2040,2015,2015
DE-UK,DE,UK,2040,2800,2800
DK-NL,DK,NL,2040,700,700
DK-NO,DK,NO,2040,2332,2332
DK-NW,DK,NW,2040,1400,1400
DK-PL,DK,PL,2040,0,0
DK-SE,DK,SE,2040,3115,2715
DK-UK,DK,UK,2040,2800,2800
DZ-IT,DZ,IT,2040,2000,2000
DZ-MA,DZ,MA,2040,1000,1000
DZ-TN,DZ,TN,2040,250,250
EE-FI,EE,FI,2040,1716,1716
EE-LV,EE,LV,2040,950,879
EE-RU,EE,RU,2040,0,0
EG-GR,EG,GR,2040,6600,6600
EG-LY,EG,LY,2040,240,240
EG-SA,EG,SA,2040,1680,1260
ES-FR,ES,FR,2040,8000,8000
ES-IT,ES,IT,2040,2000,2000
ES-MA,ES,MA,2040,1550,1200
ES-PT,ES,PT,2040,4200,3500
FI-NO,FI,NO,2040,150,150
FI-SE,FI,SE,2040,4400,4400
FR-IE,FR,IE,2040,700,700
FR-IT,FR,IT,2040,4605,2310
FR-LU,FR,LU,2040,380,0
FR-UK,FR,UK,2040,10175,10175
GR-IT,GR,IT,2040,1500,1500
GR-LY,GR,LY,2040,0,0
GR-MK,GR,MK,2040,1600,1350
GR-TR,GR,TR,2040,1260,1180
HR-HU,HR,HU,2040,800,1000
HR-RS,HR,RS,2040,1046,706
HR-SI,HR,SI,2040,1600,1575
HU-RO,HU,RO,2040,7527,6675
HU-RS,HU,RS,2040,1100,1200
HU-SI,HU,SI,2040,1200,1200
HU-SK,HU,SK,2040,3900,5273
HU-UA,HU,UA,2040,1000,1000
IE-UK,IE,UK,2040,3750,3700
IL-PS,IL,PS,2040,3000,3000
IT-ME,IT,ME,2040,1200,1200
IT-MT,IT,MT,2040,450,450
IT-SI,IT,SI,2040,1480,1553
IT-TN,IT,TN,2040,5200,5200
LT-LV,LT,LV,2040,2224,2200
LT-PL,LT,PL,2040,700,700
LT-RU,LT,RU,2040,0,0
LT-SE,LT,SE,2040,700,700
LV-RU,LV,RU,2040,0,0
LV-SE,LV,SE,2040,500,500
LY-TN,LY,TN,2040,500,500
MD-RO,MD,RO,2040,830,1300
MD-UA,MD,UA,2040,600,600
ME-RS,ME,RS,2040,540,1140
ME-XK,ME,XK,2040,700,700
MK-RS,MK,RS,2040,460,480
MK-XK,MK,XK,2040,600,700
MT-TN,MT,TN,2040,500,500
NL-NO,NL,NO,2040,700,700
NL-NW,NL,NW,2040,0,0
NL-UK,NL,UK,2040,4000,4000
NO-RU,NO,RU,2040,0,0
NO-SE,NO,SE,2040,3695,3995
NO-UK,NO,UK,2040,1400,1400
NW-UK,NW,UK,2040,3800,3800
PL-SE,PL,SE,2040,600,600
PL-SK,PL,SK,2040,781,818
PL-UA,PL,UA,2040,500,500
RO-RS,RO,RS,2040,2664,2520
RO-UA,RO,UA,2040,800,800
RS-XK,RS,XK,2040,600,500
RU-UA,RU,UA,2040,0,0
SK-UA,SK,UA,2040,400,400
