{"chunk_definitions":[{"row":30,"row_count":1,"visible":true,"expansion_state":0,"options":{"engine":"r","label":"setup","echo":false,"include":false,"dev":"png"},"document_id":"EFEE50A6","chunk_id":"crz8ojs466bdq","chunk_label":"unnamed-chunk-1"},{"row":104,"row_count":1,"visible":true,"expansion_state":0,"options":{"engine":"r","label":"load_libraries","dev":"png"},"document_id":"EFEE50A6","chunk_id":"ckqp7extjwc24","chunk_label":"load_libraries"},{"row":118,"row_count":1,"visible":true,"expansion_state":0,"options":{"engine":"r","label":"bad_visualisation","dev":"png"},"document_id":"EFEE50A6","chunk_id":"cxexnlry0fkfp","chunk_label":"bad_visualisation"},{"row":170,"row_count":1,"visible":true,"expansion_state":0,"options":{"engine":"r","label":"skim_data","dev":"png"},"document_id":"EFEE50A6","chunk_id":"cpt8vdx8vaga5","chunk_label":"skim_data"},{"row":174,"row_count":1,"visible":true,"expansion_state":0,"options":{"engine":"r","label":"unnamed-chunk-103","dev":"png"},"document_id":"EFEE50A6","chunk_id":"c4h9t1ruq7z2c","chunk_label":"unnamed-chunk-3"},{"row":177,"row_count":1,"visible":true,"expansion_state":0,"options":{"engine":"r","label":"unnamed-chunk-104","dev":"png"},"document_id":"EFEE50A6","chunk_id":"co854cyg0b8f3","chunk_label":"unnamed-chunk-4"},{"row":208,"row_count":1,"visible":true,"expansion_state":0,"options":{"engine":"r","label":"top_cities2","dev":"png"},"document_id":"EFEE50A6","chunk_id":"cflnr6cljcwt1","chunk_label":"top_cities2"},{"row":223,"row_count":1,"visible":true,"expansion_state":0,"options":{"engine":"r","label":"unnamed-chunk-107","dev":"png"},"document_id":"EFEE50A6","chunk_id":"c2tirqwlwd1v2","chunk_label":"unnamed-chunk-5"},{"row":243,"row_count":1,"visible":true,"expansion_state":0,"options":{"engine":"r","label":"sf_median_prices","dev":"png"},"document_id":"EFEE50A6","chunk_id":"ch1lt6zw2ptu6","chunk_label":"sf_median_prices"},{"row":262,"row_count":1,"visible":true,"expansion_state":0,"options":{"engine":"r","label":"spirit_plot","dev":"png"},"document_id":"EFEE50A6","chunk_id":"cov17b17pnoom","chunk_label":"spirit_plot"},{"row":274,"row_count":1,"visible":true,"expansion_state":0,"options":{"engine":"r","label":"unnamed-chunk-108","dev":"png"},"document_id":"EFEE50A6","chunk_id":"c00gxs8nkoje2","chunk_label":"unnamed-chunk-6"},{"row":294,"row_count":1,"visible":true,"expansion_state":0,"options":{"engine":"r","label":"unnamed-chunk-109","dev":"png"},"document_id":"EFEE50A6","chunk_id":"c5rw1kwd57s0c","chunk_label":"unnamed-chunk-7"},{"row":385,"row_count":1,"visible":true,"expansion_state":0,"options":{"engine":"r","label":"unnamed-chunk-112","dev":"png"},"document_id":"EFEE50A6","chunk_id":"c7esea4gbj3ob","chunk_label":"unnamed-chunk-9"},{"row":400,"row_count":1,"visible":true,"expansion_state":0,"options":{"engine":"r","label":"unnamed-chunk-113","dev":"png"},"document_id":"EFEE50A6","chunk_id":"cf0jb47qxwuex","chunk_label":"unnamed-chunk-10"},{"row":404,"row_count":1,"visible":true,"expansion_state":0,"options":{"engine":"r","label":"unnamed-chunk-114","dev":"png"},"document_id":"EFEE50A6","chunk_id":"c9478q40kjhg8","chunk_label":"unnamed-chunk-11"},{"row":433,"row_count":1,"visible":true,"expansion_state":0,"options":{"engine":"r","label":"unnamed-chunk-115","dev":"png"},"document_id":"EFEE50A6","chunk_id":"cvakfmn3607mj","chunk_label":"unnamed-chunk-12"},{"row":439,"row_count":1,"visible":true,"expansion_state":0,"options":{"engine":"r","label":"unnamed-chunk-116","dev":"png"},"document_id":"EFEE50A6","chunk_id":"c8ox46otln2o2","chunk_label":"unnamed-chunk-13"},{"row":451,"row_count":1,"visible":true,"expansion_state":0,"options":{"engine":"r","label":"unnamed-chunk-117","dev":"png"},"document_id":"EFEE50A6","chunk_id":"cf1jv3pxkuuh0","chunk_label":"unnamed-chunk-14"},{"row":468,"row_count":1,"visible":true,"expansion_state":0,"options":{"engine":"r","label":"unnamed-chunk-118","dev":"png"},"document_id":"EFEE50A6","chunk_id":"ck9k8xqt8hmwh","chunk_label":"unnamed-chunk-15"},{"row":485,"row_count":1,"visible":true,"expansion_state":0,"options":{"engine":"r","label":"unnamed-chunk-119","dev":"png"},"document_id":"EFEE50A6","chunk_id":"cbam39lvafhjm","chunk_label":"unnamed-chunk-16"},{"row":495,"row_count":1,"visible":true,"expansion_state":0,"options":{"engine":"r","label":"unnamed-chunk-120","dev":"png"},"document_id":"EFEE50A6","chunk_id":"cxpgbuhxqa3m9","chunk_label":"unnamed-chunk-17"},{"row":507,"row_count":1,"visible":true,"expansion_state":0,"options":{"engine":"r","label":"unnamed-chunk-121","dev":"png"},"document_id":"EFEE50A6","chunk_id":"c5gb7qmjsp9ir","chunk_label":"unnamed-chunk-18"},{"row":533,"row_count":1,"visible":true,"expansion_state":0,"options":{"engine":"r","label":"unnamed-chunk-122","dev":"png"},"document_id":"EFEE50A6","chunk_id":"ck1s7s0ycwhke","chunk_label":"unnamed-chunk-19"},{"row":547,"row_count":1,"visible":true,"expansion_state":0,"options":{"engine":"r","label":"unnamed-chunk-123","dev":"png"},"document_id":"EFEE50A6","chunk_id":"c8nj4xt5nakoq","chunk_label":"unnamed-chunk-20"},{"row":557,"row_count":1,"visible":true,"expansion_state":0,"options":{"engine":"r","label":"unnamed-chunk-124","dev":"png"},"document_id":"EFEE50A6","chunk_id":"cj70gdywc3fwj","chunk_label":"unnamed-chunk-21"},{"row":583,"row_count":1,"visible":true,"expansion_state":0,"options":{"engine":"r","label":"unnamed-chunk-125","dev":"png"},"document_id":"EFEE50A6","chunk_id":"cvp08sofgp3r1","chunk_label":"unnamed-chunk-22"}],"doc_write_time":1759069151,"working_dir":null,"default_chunk_options":{"fig.width":6.75,"fig.height":6.75,"fig.align":"center"},"chunk_rendered_width":700}