{"chunk_definitions":[{"row":118,"row_count":1,"visible":true,"expansion_state":0,"options":{"engine":"r","label":"bad_visualisation","dev":"png"},"document_id":"EFEE50A6","chunk_id":"cxexnlry0fkfp","chunk_label":"bad_visualisation"},{"row":170,"row_count":1,"visible":true,"expansion_state":0,"options":{"engine":"r","label":"skim_data","dev":"png"},"document_id":"EFEE50A6","chunk_id":"cpt8vdx8vaga5","chunk_label":"skim_data"},{"row":174,"row_count":1,"visible":true,"expansion_state":0,"options":{"engine":"r","label":"unnamed-chunk-103","dev":"png"},"document_id":"EFEE50A6","chunk_id":"c4h9t1ruq7z2c","chunk_label":"unnamed-chunk-3"},{"row":177,"row_count":1,"visible":true,"expansion_state":0,"options":{"engine":"r","label":"unnamed-chunk-104","dev":"png"},"document_id":"EFEE50A6","chunk_id":"co854cyg0b8f3","chunk_label":"unnamed-chunk-4"},{"row":208,"row_count":1,"visible":true,"expansion_state":0,"options":{"engine":"r","label":"top_cities2","dev":"png"},"document_id":"EFEE50A6","chunk_id":"cflnr6cljcwt1","chunk_label":"top_cities2"},{"row":243,"row_count":1,"visible":true,"expansion_state":0,"options":{"engine":"r","label":"sf_median_prices","dev":"png"},"document_id":"EFEE50A6","chunk_id":"ch1lt6zw2ptu6","chunk_label":"sf_median_prices"},{"row":294,"row_count":1,"visible":true,"expansion_state":0,"options":{"engine":"r","label":"unnamed-chunk-109","dev":"png"},"document_id":"EFEE50A6","chunk_id":"c5rw1kwd57s0c","chunk_label":"unnamed-chunk-7"},{"row":385,"row_count":1,"visible":true,"expansion_state":0,"options":{"engine":"r","label":"unnamed-chunk-112","dev":"png"},"document_id":"EFEE50A6","chunk_id":"c7esea4gbj3ob","chunk_label":"unnamed-chunk-9"},{"row":433,"row_count":1,"visible":true,"expansion_state":0,"options":{"engine":"r","label":"unnamed-chunk-115","dev":"png"},"document_id":"EFEE50A6","chunk_id":"cvakfmn3607mj","chunk_label":"unnamed-chunk-12"},{"row":468,"row_count":1,"visible":true,"expansion_state":0,"options":{"engine":"r","label":"unnamed-chunk-118","dev":"png"},"document_id":"EFEE50A6","chunk_id":"ck9k8xqt8hmwh","chunk_label":"unnamed-chunk-15"},{"row":485,"row_count":1,"visible":true,"expansion_state":0,"options":{"engine":"r","label":"unnamed-chunk-119","dev":"png"},"document_id":"EFEE50A6","chunk_id":"cbam39lvafhjm","chunk_label":"unnamed-chunk-16"},{"row":507,"row_count":1,"visible":true,"expansion_state":0,"options":{"engine":"r","label":"unnamed-chunk-121","dev":"png"},"document_id":"EFEE50A6","chunk_id":"c5gb7qmjsp9ir","chunk_label":"unnamed-chunk-18"},{"row":583,"row_count":1,"visible":true,"expansion_state":0,"options":{"engine":"r","label":"unnamed-chunk-125","dev":"png"},"document_id":"EFEE50A6","chunk_id":"cvp08sofgp3r1","chunk_label":"unnamed-chunk-22"}],"doc_write_time":1759069383}