Country From,Month,Country To,Flow
Albania,Jan,GR,8.34
Albania,Feb,GR,8.43
Albania,Mar,GR,8.06
Albania,Apr,GR,-10.38
Albania,May,GR,-2.11
Albania,Jun,GR,0.03
Albania,Jul,GR,-13.65
Albania,Aug,GR,-10.46
Albania,Sep,GR,-1.81
Albania,Oct,GR,-2.36
Albania,Nov,GR,-19.54
Albania,Dec,GR,-10.86
Albania,Jan,ME,0.165365467
Albania,Feb,ME,-1.024124729
Albania,Mar,ME,-3.553994379
Albania,Apr,ME,20.38394066
Albania,May,ME,13.97826613
Albania,Jun,ME,-10.13908333
Albania,Jul,ME,-10.35925098
Albania,Aug,ME,-12.38587121
Albania,Sep,ME,-3.904794192
Albania,Oct,ME,-0.312842131
Albania,Nov,ME,-9.109878788
Albania,Dec,ME,-4.895316285
Albania,Jan,XK,11.3174399
Albania,Feb,XK,2.212558171
Albania,Mar,XK,1.141880499
Albania,Apr,XK,-5.665353535
Albania,May,XK,7.179535679
Albania,Jun,XK,4.545241162
Albania,Jul,XK,6.471595797
Albania,Aug,XK,2.883552053
Albania,Sep,XK,1.069983586
Albania,Oct,XK,3.854815494
Albania,Nov,XK,10.04015783
Albania,Dec,XK,23.31754068
Austria,Jan,CH,4.2
Austria,Feb,CH,5.33
Austria,Mar,CH,2.89
Austria,Apr,CH,-1.14
Austria,May,CH,-0.37
Austria,Jun,CH,-1.98
Austria,Jul,CH,-1.6
Austria,Aug,CH,-3
Austria,Sep,CH,1.26
Austria,Oct,CH,-1.22
Austria,Nov,CH,0.19
Austria,Dec,CH,2.02
Austria,Jan,CZ,-9.170814855
Austria,Feb,CZ,-8.590009524
Austria,Mar,CZ,-7.518934767
Austria,Apr,CZ,-3.939345185
Austria,May,CZ,-2.128994982
Austria,Jun,CZ,-2.966275556
Austria,Jul,CZ,-3.988410036
Austria,Aug,CZ,-7.461620072
Austria,Sep,CZ,-8.740531852
Austria,Oct,CZ,-3.91342509
Austria,Nov,CZ,-11.42823556
Austria,Dec,CZ,-13.79865985
Austria,Jan,DE,-7.52665484
Austria,Feb,DE,-9.153575262
Austria,Mar,DE,-3.197856387
Austria,Apr,DE,3.252007193
Austria,May,DE,4.435101133
Austria,Jun,DE,4.194147941
Austria,Jul,DE,1.014073312
Austria,Aug,DE,-3.862630029
Austria,Sep,DE,-3.676030341
Austria,Oct,DE,5.86118486
Austria,Nov,DE,-9.475317948
Austria,Dec,DE,-15.38016667
Austria,Jan,HU,8.904548718
Austria,Feb,HU,5.903097135
Austria,Mar,HU,5.069007785
Austria,Apr,HU,6.198090689
Austria,May,HU,8.307024746
Austria,Jun,HU,9.911492837
Austria,Jul,HU,9.424482
Austria,Aug,HU,2.492213305
Austria,Sep,HU,5.3594808
Austria,Oct,HU,5.588000803
Austria,Nov,HU,6.166336267
Austria,Dec,HU,7.703819076
Austria,Jan,IT,3.274280089
Austria,Feb,IT,3.542507937
Austria,Mar,IT,1.919971326
Austria,Apr,IT,1.814237037
Austria,May,IT,1.418207885
Austria,Jun,IT,-0.283125926
Austria,Jul,IT,0.581060932
Austria,Aug,IT,1.437591398
Austria,Sep,IT,1.11997037
Austria,Oct,IT,1.525706093
Austria,Nov,IT,1.354488889
Austria,Dec,IT,2.604079318
Austria,Jan,SI,5.586169987
Austria,Feb,SI,3.937437302
Austria,Mar,SI,2.581533907
Austria,Apr,SI,6.908340593
Austria,May,SI,7.494931613
Austria,Jun,SI,7.19092
Austria,Jul,SI,8.955883871
Austria,Aug,SI,10.50187527
Austria,Sep,SI,8.063071111
Austria,Oct,SI,4.883059498
Austria,Nov,SI,6.702881481
Austria,Dec,SI,7.543186721
Belgium,Jan,DE,-1.309025093
Belgium,Feb,DE,1.09280783
Belgium,Mar,DE,4.539744925
Belgium,Apr,DE,6.282185808
Belgium,May,DE,10.24032241
Belgium,Jun,DE,11.88615741
Belgium,Jul,DE,10.47663168
Belgium,Aug,DE,11.02936417
Belgium,Sep,DE,9.789881484
Belgium,Oct,DE,9.759076
Belgium,Nov,DE,2.630013212
Belgium,Dec,DE,-2.596949974
Belgium,Jan,FR,-6.548206091
Belgium,Feb,FR,-21.56868589
Belgium,Mar,FR,-24.78448804
Belgium,Apr,FR,-26.3579114
Belgium,May,FR,-51.00118865
Belgium,Jun,FR,-37.03030233
Belgium,Jul,FR,-29.31444235
Belgium,Aug,FR,-27.28887035
Belgium,Sep,FR,-40.96742566
Belgium,Oct,FR,-48.3297621
Belgium,Nov,FR,-17.05350713
Belgium,Dec,FR,-4.299963808
Belgium,Jan,LU,1.313813991
Belgium,Feb,LU,1.565886069
Belgium,Mar,LU,1.116599593
Belgium,Apr,LU,1.39949426
Belgium,May,LU,2.634952263
Belgium,Jun,LU,2.644997293
Belgium,Jul,LU,1.573191641
Belgium,Aug,LU,1.795570451
Belgium,Sep,LU,1.825959186
Belgium,Oct,LU,1.390508617
Belgium,Nov,LU,1.940041978
Belgium,Dec,LU,1.988425224
Belgium,Jan,NL,-15.82795976
Belgium,Feb,NL,-14.80175903
Belgium,Mar,NL,-26.66010501
Belgium,Apr,NL,-12.22534655
Belgium,May,NL,1.707158765
Belgium,Jun,NL,4.607298841
Belgium,Jul,NL,0.062541659
Belgium,Aug,NL,2.221866943
Belgium,Sep,NL,-16.28954245
Belgium,Oct,NL,-24.28567304
Belgium,Nov,NL,-33.84574697
Belgium,Dec,NL,-25.44303007
Belgium,Jan,UK,6.226250638
Belgium,Feb,UK,12.02568516
Belgium,Mar,UK,11.27928981
Belgium,Apr,UK,9.046515324
Belgium,May,UK,12.94324708
Belgium,Jun,UK,6.751805014
Belgium,Jul,UK,13.0301429
Belgium,Aug,UK,2.296225293
Belgium,Sep,UK,10.16316493
Belgium,Oct,UK,15.65638113
Belgium,Nov,UK,9.315399069
Belgium,Dec,UK,6.22219415
Bulgaria,Jan,GR,3.44
Bulgaria,Feb,GR,8.3
Bulgaria,Mar,GR,6.55
Bulgaria,Apr,GR,3.08
Bulgaria,May,GR,-0.96
Bulgaria,Jun,GR,-0.13
Bulgaria,Jul,GR,3.38
Bulgaria,Aug,GR,4.87
Bulgaria,Sep,GR,7.65
Bulgaria,Oct,GR,3.85
Bulgaria,Nov,GR,-6.61
Bulgaria,Dec,GR,-1.63
Bulgaria,Jan,MK,2.641440305
Bulgaria,Feb,MK,3.622534075
Bulgaria,Mar,MK,2.16943101
Bulgaria,Apr,MK,4.136745443
Bulgaria,May,MK,0.134730321
Bulgaria,Jun,MK,-0.311406358
Bulgaria,Jul,MK,1.940078254
Bulgaria,Aug,MK,3.122764678
Bulgaria,Sep,MK,4.738339245
Bulgaria,Oct,MK,2.737299641
Bulgaria,Nov,MK,-1.560581726
Bulgaria,Dec,MK,1.52968178
Bulgaria,Jan,RO,-15.45820342
Bulgaria,Feb,RO,-16.3738471
Bulgaria,Mar,RO,-10.16566391
Bulgaria,Apr,RO,4.941713162
Bulgaria,May,RO,1.514542612
Bulgaria,Jun,RO,-0.303004942
Bulgaria,Jul,RO,8.416110006
Bulgaria,Aug,RO,5.199950633
Bulgaria,Sep,RO,2.639584994
Bulgaria,Oct,RO,-3.7586816
Bulgaria,Nov,RO,-3.291763643
Bulgaria,Dec,RO,-1.487863451
Bulgaria,Jan,RS,0.117238148
Bulgaria,Feb,RS,2.448700212
Bulgaria,Mar,RS,1.933485419
Bulgaria,Apr,RS,5.96363582
Bulgaria,May,RS,-0.258059374
Bulgaria,Jun,RS,-3.498994035
Bulgaria,Jul,RS,1.315967241
Bulgaria,Aug,RS,3.422342875
Bulgaria,Sep,RS,4.381892967
Bulgaria,Oct,RS,2.072696991
Bulgaria,Nov,RS,-0.562532879
Bulgaria,Dec,RS,2.285475212
Bulgaria,Jan,TR,-0.87795891
Bulgaria,Feb,TR,0.637425702
Bulgaria,Mar,TR,1.376637201
Bulgaria,Apr,TR,0.541208353
Bulgaria,May,TR,-1.622853705
Bulgaria,Jun,TR,-2.395291992
Bulgaria,Jul,TR,-0.845636445
Bulgaria,Aug,TR,-0.684320411
Bulgaria,Sep,TR,-0.363037356
Bulgaria,Oct,TR,-2.162725043
Bulgaria,Nov,TR,-5.594664966
Bulgaria,Dec,TR,-4.084749548
Croatia,Jan,HU,-9.42912006
Croatia,Feb,HU,-6.101686508
Croatia,Mar,HU,-4.083101852
Croatia,Apr,HU,-7.887029321
Croatia,May,HU,-4.318458781
Croatia,Jun,HU,-8.71462963
Croatia,Jul,HU,-12.08292264
Croatia,Aug,HU,-14.17985364
Croatia,Sep,HU,-12.30569444
Croatia,Oct,HU,-4.897871864
Croatia,Nov,HU,-9.358634259
Croatia,Dec,HU,-14.89409302
Croatia,Jan,RS,-0.589321402
Croatia,Feb,RS,-3.388161376
Croatia,Mar,RS,-3.072670251
Croatia,Apr,RS,-2.820462963
Croatia,May,RS,1.140083632
Croatia,Jun,RS,5.846481481
Croatia,Jul,RS,7.600358423
Croatia,Aug,RS,7.514784946
Croatia,Sep,RS,2.703024691
Croatia,Oct,RS,0.702060932
Croatia,Nov,RS,1.93867284
Croatia,Dec,RS,3.908000598
Croatia,Jan,SI,1.096271439
Croatia,Feb,SI,1.887549603
Croatia,Mar,SI,3.752329749
Croatia,Apr,SI,3.093742284
Croatia,May,SI,-14.1567503
Croatia,Jun,SI,-27.03157407
Croatia,Jul,SI,-27.11228345
Croatia,Aug,SI,-25.9234543
Croatia,Sep,SI,-8.23117284
Croatia,Oct,SI,-6.55698178
Croatia,Nov,SI,-5.785848765
Croatia,Dec,SI,-4.604972334
Czechia,Jan,AT,13.23
Czechia,Feb,AT,12.39
Czechia,Mar,AT,10.84
Czechia,Apr,AT,5.68
Czechia,May,AT,3.07
Czechia,Jun,AT,4.28
Czechia,Jul,AT,5.75
Czechia,Aug,AT,10.76
Czechia,Sep,AT,12.61
Czechia,Oct,AT,5.64
Czechia,Nov,AT,16.48
Czechia,Dec,AT,19.9
Czechia,Jan,DE,-7.577832525
Czechia,Feb,DE,-6.063139194
Czechia,Mar,DE,0.936964847
Czechia,Apr,DE,-4.960336538
Czechia,May,DE,-7.8247134
Czechia,Jun,DE,-12.32061816
Czechia,Jul,DE,-9.569892897
Czechia,Aug,DE,-11.00806755
Czechia,Sep,DE,-2.161238611
Czechia,Oct,DE,-1.236383788
Czechia,Nov,DE,-9.346298558
Czechia,Dec,DE,-9.904623719
Czechia,Jan,PL,-6.618203614
Czechia,Feb,PL,-5.281620421
Czechia,Mar,PL,-6.174577957
Czechia,Apr,PL,-6.935387393
Czechia,May,PL,-9.759388958
Czechia,Jun,PL,-6.829350641
Czechia,Jul,PL,-5.864735939
Czechia,Aug,PL,-8.640991212
Czechia,Sep,PL,-8.204520726
Czechia,Oct,PL,-3.094273098
Czechia,Nov,PL,-14.58968098
Czechia,Dec,PL,-17.10936639
Czechia,Jan,SK,13.96825297
Czechia,Feb,SK,7.439276786
Czechia,Mar,SK,7.369907361
Czechia,Apr,SK,8.33370812
Czechia,May,SK,15.58046795
Czechia,Jun,SK,19.74550385
Czechia,Jul,SK,21.24875538
Czechia,Aug,SK,23.21654818
Czechia,Sep,SK,17.64534872
Czechia,Oct,SK,9.961706162
Czechia,Nov,SK,21.88581891
Czechia,Dec,SK,26.52605549
Denmark,Jan,DE,-3.222848256
Denmark,Feb,DE,4.201545438
Denmark,Mar,DE,9.243628374
Denmark,Apr,DE,4.699678834
Denmark,May,DE,9.064879201
Denmark,Jun,DE,11.02583453
Denmark,Jul,DE,12.85056135
Denmark,Aug,DE,14.9986943
Denmark,Sep,DE,9.214736499
Denmark,Oct,DE,11.72527416
Denmark,Nov,DE,11.33959256
Denmark,Dec,DE,14.48055905
Denmark,Jan,NL,-0.136859392
Denmark,Feb,NL,2.479711001
Denmark,Mar,NL,1.029375821
Denmark,Apr,NL,-1.820621811
Denmark,May,NL,1.052563198
Denmark,Jun,NL,0.628744674
Denmark,Jul,NL,0.210616037
Denmark,Aug,NL,-0.15392391
Denmark,Sep,NL,0.482524853
Denmark,Oct,NL,1.648328453
Denmark,Nov,NL,0.795429394
Denmark,Dec,NL,2.554121687
Denmark,Jan,NO,1.332615327
Denmark,Feb,NO,-3.122357148
Denmark,Mar,NO,-5.824895816
Denmark,Apr,NO,-1.71617171
Denmark,May,NO,-8.970967189
Denmark,Jun,NO,-11.00311537
Denmark,Jul,NO,-10.70307987
Denmark,Aug,NO,-11.54590275
Denmark,Sep,NO,-12.56924029
Denmark,Oct,NO,-10.36208821
Denmark,Nov,NO,-10.51237814
Denmark,Dec,NO,-10.5499942
Denmark,Jan,SE,-1.265194305
Denmark,Feb,SE,-8.02395411
Denmark,Mar,SE,-10.54154816
Denmark,Apr,SE,-6.384365823
Denmark,May,SE,-11.92113744
Denmark,Jun,SE,-11.31004643
Denmark,Jul,SE,-13.03974735
Denmark,Aug,SE,-12.72299613
Denmark,Sep,SE,-13.15778286
Denmark,Oct,SE,-15.38298794
Denmark,Nov,SE,-14.18123586
Denmark,Dec,SE,-16.34761311
Denmark,Jan,UK,5.0891069
Denmark,Feb,UK,6.218963092
Denmark,Mar,UK,7.025023411
Denmark,Apr,UK,0.029325384
Denmark,May,UK,5.300178435
Denmark,Jun,UK,3.163193843
Denmark,Jul,UK,4.111786551
Denmark,Aug,UK,-0.11676296
Denmark,Sep,UK,4.766251595
Denmark,Oct,UK,7.442075672
Denmark,Nov,UK,5.360915234
Denmark,Dec,UK,6.94180112
Estonia,Jan,FI,-12.47
Estonia,Feb,FI,-8.82
Estonia,Mar,FI,-4.77
Estonia,Apr,FI,-7.89
Estonia,May,FI,-7.57
Estonia,Jun,FI,-11.13
Estonia,Jul,FI,-13.24
Estonia,Aug,FI,-12.48
Estonia,Sep,FI,-19.54
Estonia,Oct,FI,-34.36
Estonia,Nov,FI,-32.77
Estonia,Dec,FI,-27.56
Estonia,Jan,LV,-8.42273021
Estonia,Feb,LV,-12.03727806
Estonia,Mar,LV,-13.32727816
Estonia,Apr,LV,-6.554142943
Estonia,May,LV,1.854690005
Estonia,Jun,LV,5.115451389
Estonia,Jul,LV,8.077075194
Estonia,Aug,LV,6.181269514
Estonia,Sep,LV,8.503143332
Estonia,Oct,LV,12.99638829
Estonia,Nov,LV,10.89541278
Estonia,Dec,LV,10.77786567
Estonia,Jan,RU,3.05513204
Estonia,Feb,RU,1.23248773
Estonia,Mar,RU,1.373391375
Estonia,Apr,RU,-1.224200958
Estonia,May,RU,-1.383709427
Estonia,Jun,RU,0.072490726
Estonia,Jul,RU,-2.971337992
Estonia,Aug,RU,-4.584882998
Estonia,Sep,RU,2.995336223
Estonia,Oct,RU,9.339738613
Estonia,Nov,RU,5.064214545
Estonia,Dec,RU,1.342415338
Finland,Jan,EE,9.18
Finland,Feb,EE,6.5
Finland,Mar,EE,3.51
Finland,Apr,EE,5.81
Finland,May,EE,5.58
Finland,Jun,EE,8.2
Finland,Jul,EE,9.76
Finland,Aug,EE,9.2
Finland,Sep,EE,14.4
Finland,Oct,EE,25.32
Finland,Nov,EE,24.14
Finland,Dec,EE,20.31
Finland,Jan,NO,-0.854653065
Finland,Feb,NO,-0.904264312
Finland,Mar,NO,-0.986536841
Finland,Apr,NO,0.084950261
Finland,May,NO,-0.550159476
Finland,Jun,NO,-0.088258804
Finland,Jul,NO,-0.485794056
Finland,Aug,NO,-1.202926232
Finland,Sep,NO,-1.524443014
Finland,Oct,NO,-0.581004635
Finland,Nov,NO,-1.058586003
Finland,Dec,NO,-0.71894124
Finland,Jan,RU,0
Finland,Feb,RU,0
Finland,Mar,RU,0
Finland,Apr,RU,0
Finland,May,RU,0
Finland,Jun,RU,0
Finland,Jul,RU,0
Finland,Aug,RU,0
Finland,Sep,RU,0
Finland,Oct,RU,0
Finland,Nov,RU,0
Finland,Dec,RU,0
Finland,Jan,SE,-32.143097
Finland,Feb,SE,-22.14145673
Finland,Mar,SE,-41.38185653
Finland,Apr,SE,-35.52503218
Finland,May,SE,-27.27890823
Finland,Jun,SE,-9.365986922
Finland,Jul,SE,0.899667208
Finland,Aug,SE,-21.65382634
Finland,Sep,SE,-19.45365656
Finland,Oct,SE,-14.49602157
Finland,Nov,SE,-20.88742809
Finland,Dec,SE,-14.96366507
France,Jan,BE,1.773242042
France,Feb,BE,5.840760063
France,Mar,BE,6.71159331
France,Apr,BE,7.137673431
France,May,BE,13.81102712
France,Jun,BE,10.02773707
France,Jul,BE,7.938296519
France,Aug,BE,7.389775386
France,Sep,BE,11.09390275
France,Oct,BE,13.08760977
France,Nov,BE,4.618058045
France,Dec,BE,1.164422209
France,Jan,CH,8.33
France,Feb,CH,11.49
France,Mar,CH,10.4
France,Apr,CH,7.28
France,May,CH,8.19
France,Jun,CH,6.41
France,Jul,CH,1.28
France,Aug,CH,1.19
France,Sep,CH,5.96
France,Oct,CH,7.17
France,Nov,CH,11.17
France,Dec,CH,10.81
France,Jan,DE,10.08300069
France,Feb,DE,11.85855295
France,Mar,DE,9.382949151
France,Apr,DE,7.663661611
France,May,DE,11.31070467
France,Jun,DE,11.55038263
France,Jul,DE,12.6451642
France,Aug,DE,14.06002503
France,Sep,DE,14.81427402
France,Oct,DE,15.38868167
France,Nov,DE,13.07377358
France,Dec,DE,11.02775944
France,Jan,ES,-1.163930284
France,Feb,ES,-6.810174301
France,Mar,ES,-7.587738011
France,Apr,ES,-6.721651608
France,May,ES,3.306386835
France,Jun,ES,3.539394033
France,Jul,ES,7.271694034
France,Aug,ES,9.776080051
France,Sep,ES,4.654102662
France,Oct,ES,2.77714892
France,Nov,ES,4.657494824
France,Dec,ES,6.280914734
France,Jan,IT,11.76584217
France,Feb,IT,14.19862529
France,Mar,IT,8.748170187
France,Apr,IT,8.01530901
France,May,IT,13.24985264
France,Jun,IT,12.55888884
France,Jul,IT,14.05637165
France,Aug,IT,12.87379554
France,Sep,IT,9.717881944
France,Oct,IT,12.83004747
France,Nov,IT,12.36809991
France,Dec,IT,12.8848312
France,Jan,UK,6.712672391
France,Feb,UK,12.12482624
France,Mar,UK,16.78897559
France,Apr,UK,14.89811817
France,May,UK,15.75878956
France,Jun,UK,17.22994968
France,Jul,UK,16.82235155
France,Aug,UK,12.34228154
France,Sep,UK,10.12194751
France,Oct,UK,6.03371631
France,Nov,UK,9.01070443
France,Dec,UK,6.723356266
Germany,Jan,AT,2.32
Germany,Feb,AT,2.82
Germany,Mar,AT,0.98
Germany,Apr,AT,-1
Germany,May,AT,-1.37
Germany,Jun,AT,-1.29
Germany,Jul,AT,-0.31
Germany,Aug,AT,1.19
Germany,Sep,AT,1.13
Germany,Oct,AT,-1.8
Germany,Nov,AT,2.92
Germany,Dec,AT,4.74
Germany,Jan,BE,0.220535262
Germany,Feb,BE,-0.184108511
Germany,Mar,BE,-0.764824022
Germany,Apr,BE,-1.058378102
Germany,May,BE,-1.725216879
Germany,Jun,BE,-2.002495484
Germany,Jul,BE,-1.765028588
Germany,Aug,BE,-1.858149037
Germany,Sep,BE,-1.649329787
Germany,Oct,BE,-1.644139898
Germany,Nov,BE,-0.44308597
Germany,Dec,BE,0.43751571
Germany,Jan,CH,2.99
Germany,Feb,CH,2.09
Germany,Mar,CH,-0.46
Germany,Apr,CH,-3.2
Germany,May,CH,-2.86
Germany,Jun,CH,-5.23
Germany,Jul,CH,-7.7
Germany,Aug,CH,-5
Germany,Sep,CH,-2.17
Germany,Oct,CH,-3.52
Germany,Nov,CH,0.71
Germany,Dec,CH,4.26
Germany,Jan,CZ,1.617599718
Germany,Feb,CZ,1.294266166
Germany,Mar,CZ,-0.200008916
Germany,Apr,CZ,1.058856732
Germany,May,CZ,1.670300069
Germany,Jun,CZ,2.630017013
Germany,Jul,CZ,2.04283428
Germany,Aug,CZ,2.349833795
Germany,Sep,CZ,0.461348144
Germany,Oct,CZ,0.26392429
Germany,Nov,CZ,1.995104782
Germany,Dec,CZ,2.114287493
Germany,Jan,DK,0.977121021
Germany,Feb,DK,-1.273847865
Germany,Mar,DK,-2.802534553
Germany,Apr,DK,-1.424874713
Germany,May,DK,-2.748340387
Germany,Jun,DK,-3.342873707
Germany,Jul,DK,-3.896104512
Germany,Aug,DK,-4.547387381
Germany,Sep,DK,-2.793774954
Germany,Oct,DK,-3.554933696
Germany,Nov,DK,-3.438000609
Germany,Dec,DK,-4.39029626
Germany,Jan,FR,-6.272984076
Germany,Feb,FR,-7.377616653
Germany,Mar,FR,-5.837457757
Germany,Apr,FR,-4.767829411
Germany,May,FR,-7.036781256
Germany,Jun,FR,-7.185893222
Germany,Jul,FR,-7.866994765
Germany,Aug,FR,-8.747228711
Germany,Sep,FR,-9.216473134
Germany,Oct,FR,-9.573832036
Germany,Nov,FR,-8.13364751
Germany,Dec,FR,-6.860751226
Germany,Jan,LU,1.31369269
Germany,Feb,LU,1.136352938
Germany,Mar,LU,1.194777575
Germany,Apr,LU,1.044004559
Germany,May,LU,0.813109436
Germany,Jun,LU,0.79868282
Germany,Jul,LU,1.024647585
Germany,Aug,LU,0.866263055
Germany,Sep,LU,0.940848693
Germany,Oct,LU,1.147923169
Germany,Nov,LU,1.238682204
Germany,Dec,LU,1.144436284
Germany,Jan,NL,0.827498604
Germany,Feb,NL,0.777111013
Germany,Mar,NL,1.234732485
Germany,Apr,NL,-1.095061092
Germany,May,NL,-0.198844196
Germany,Jun,NL,-1.377886579
Germany,Jul,NL,-0.729723855
Germany,Aug,NL,-3.436177757
Germany,Sep,NL,1.040669365
Germany,Oct,NL,4.276390275
Germany,Nov,NL,-0.412618281
Germany,Dec,NL,-0.497988119
Germany,Jan,NO,-0.753159222
Germany,Feb,NO,-1.151759041
Germany,Mar,NO,-1.963483072
Germany,Apr,NO,-1.942560625
Germany,May,NO,-2.535029197
Germany,Jun,NO,-2.513517257
Germany,Jul,NO,-2.264646093
Germany,Aug,NO,-2.733192211
Germany,Sep,NO,-2.021879554
Germany,Oct,NO,-2.469608454
Germany,Nov,NO,-2.667123178
Germany,Dec,NO,-2.817668726
Germany,Jan,PL,4.0499231
Germany,Feb,PL,3.688486052
Germany,Mar,PL,2.85314344
Germany,Apr,PL,1.795344645
Germany,May,PL,2.43080473
Germany,Jun,PL,3.80884902
Germany,Jul,PL,3.67675495
Germany,Aug,PL,3.60547299
Germany,Sep,PL,2.723997455
Germany,Oct,PL,3.338178633
Germany,Nov,PL,3.604049952
Germany,Dec,PL,3.866302303
Germany,Jan,SE,-0.294968581
Germany,Feb,SE,-0.845251339
Germany,Mar,SE,-0.883962736
Germany,Apr,SE,-0.498061896
Germany,May,SE,-1.261912796
Germany,Jun,SE,-0.816852034
Germany,Jul,SE,-1.083200337
Germany,Aug,SE,-1.22589001
Germany,Sep,SE,-0.477589491
Germany,Oct,SE,-1.192991772
Germany,Nov,SE,-1.423299535
Germany,Dec,SE,-1.707772555
Greece,Jan,AL,-3.15
Greece,Feb,AL,-3.18
Greece,Mar,AL,-3.04
Greece,Apr,AL,3.92
Greece,May,AL,0.8
Greece,Jun,AL,-0.01
Greece,Jul,AL,5.15
Greece,Aug,AL,3.95
Greece,Sep,AL,0.68
Greece,Oct,AL,0.89
Greece,Nov,AL,7.37
Greece,Dec,AL,4.1
Greece,Jan,BG,-4.93357638
Greece,Feb,BG,-11.8982298
Greece,Mar,BG,-9.387166836
Greece,Apr,BG,-4.412246609
Greece,May,BG,1.379716285
Greece,Jun,BG,0.182946578
Greece,Jul,BG,-4.850186955
Greece,Aug,BG,-6.980397363
Greece,Sep,BG,-10.97265089
Greece,Oct,BG,-5.518404207
Greece,Nov,BG,9.472879515
Greece,Dec,BG,2.339623408
Greece,Jan,IT,7.430423215
Greece,Feb,IT,13.24200634
Greece,Mar,IT,13.31437969
Greece,Apr,IT,11.43828113
Greece,May,IT,5.992060858
Greece,Jun,IT,0.953217878
Greece,Jul,IT,3.655812573
Greece,Aug,IT,5.619902061
Greece,Sep,IT,7.663989864
Greece,Oct,IT,10.66704648
Greece,Nov,IT,3.930231672
Greece,Dec,IT,5.389211054
Greece,Jan,MK,-3.898233307
Greece,Feb,MK,-12.22447784
Greece,Mar,MK,-5.192200614
Greece,Apr,MK,-2.164447112
Greece,May,MK,-2.009998599
Greece,Jun,MK,-8.198731139
Greece,Jul,MK,-4.443089296
Greece,Aug,MK,-6.60883778
Greece,Sep,MK,-7.996161027
Greece,Oct,MK,-4.439954939
Greece,Nov,MK,11.9198674
Greece,Dec,MK,10.32471333
Greece,Jan,TR,-3.105062557
Greece,Feb,TR,-4.018367464
Greece,Mar,TR,-0.860150523
Greece,Apr,TR,0.741883859
Greece,May,TR,1.003362981
Greece,Jun,TR,0.091639994
Greece,Jul,TR,-2.214607579
Greece,Aug,TR,-2.651850377
Greece,Sep,TR,-4.661636946
Greece,Oct,TR,-2.693979822
Greece,Nov,TR,-1.691720012
Greece,Dec,TR,-3.514927619
Hungary,Jan,AT,-11.72
Hungary,Feb,AT,-7.77
Hungary,Mar,AT,-6.67
Hungary,Apr,AT,-8.16
Hungary,May,AT,-10.94
Hungary,Jun,AT,-13.05
Hungary,Jul,AT,-12.41
Hungary,Aug,AT,-3.28
Hungary,Sep,AT,-7.06
Hungary,Oct,AT,-7.36
Hungary,Nov,AT,-8.12
Hungary,Dec,AT,-10.14
Hungary,Jan,HR,5.959415768
Hungary,Feb,HR,3.85640299
Hungary,Mar,HR,2.580612125
Hungary,Apr,HR,4.984779767
Hungary,May,HR,2.729362994
Hungary,Jun,HR,5.50784176
Hungary,Jul,HR,7.636678635
Hungary,Aug,HR,8.961986151
Hungary,Sep,HR,7.777475421
Hungary,Oct,HR,3.095565082
Hungary,Nov,HR,5.914867158
Hungary,Dec,HR,9.413401485
Hungary,Jan,RO,3.231478612
Hungary,Feb,RO,1.90944999
Hungary,Mar,RO,2.379955892
Hungary,Apr,RO,2.448888665
Hungary,May,RO,4.742962615
Hungary,Jun,RO,5.840421729
Hungary,Jul,RO,5.827970864
Hungary,Aug,RO,5.104611348
Hungary,Sep,RO,3.858110506
Hungary,Oct,RO,5.679175435
Hungary,Nov,RO,8.20717604
Hungary,Dec,RO,8.884199325
Hungary,Jan,RS,-0.018020323
Hungary,Feb,RS,-0.759353055
Hungary,Mar,RS,-1.073967395
Hungary,Apr,RS,0.299842775
Hungary,May,RS,1.500483833
Hungary,Jun,RS,1.539131164
Hungary,Jul,RS,0.162158315
Hungary,Aug,RS,-1.221338309
Hungary,Sep,RS,-0.260308989
Hungary,Oct,RS,-1.192811594
Hungary,Nov,RS,-0.403077013
Hungary,Dec,RS,2.086378106
Hungary,Jan,SI,1.874871248
Hungary,Feb,SI,2.739524865
Hungary,Mar,SI,1.855771773
Hungary,Apr,SI,2.005067464
Hungary,May,SI,-0.974318358
Hungary,Jun,SI,-3.377392761
Hungary,Jul,SI,-1.168575316
Hungary,Aug,SI,-2.669709794
Hungary,Sep,SI,0.55479192
Hungary,Oct,SI,-1.422123052
Hungary,Nov,SI,0.463518824
Hungary,Dec,SI,1.691827799
Hungary,Jan,SK,-23.84967536
Hungary,Feb,SK,-20.87494043
Hungary,Mar,SK,-18.7237992
Hungary,Apr,SK,-12.57798416
Hungary,May,SK,-12.48078391
Hungary,Jun,SK,-15.80288058
Hungary,Jul,SK,-18.27272865
Hungary,Aug,SK,-24.16000023
Hungary,Sep,SK,-23.55790282
Hungary,Oct,SK,-15.99444942
Hungary,Nov,SK,-26.08902251
Hungary,Dec,SK,-32.13626809
Hungary,Jan,UA,-1.977281314
Hungary,Feb,UA,-4.293976558
Hungary,Mar,UA,-1.629872312
Hungary,Apr,UA,0.618584192
Hungary,May,UA,5.081760451
Hungary,Jun,UA,7.206738062
Hungary,Jul,UA,5.563080864
Hungary,Aug,UA,3.467917497
Hungary,Sep,UA,0.236771809
Hungary,Oct,UA,0.414240327
Hungary,Nov,UA,-0.723601748
Hungary,Dec,UA,-0.902995373
Ireland,Jan,UK,-25.98947875
Ireland,Feb,UK,-27.03761822
Ireland,Mar,UK,-32.40668235
Ireland,Apr,UK,-34.35696528
Ireland,May,UK,-40.62562948
Ireland,Jun,UK,-42.52261188
Ireland,Jul,UK,-44.48543907
Ireland,Aug,UK,-42.22903226
Ireland,Sep,UK,-37.18029398
Ireland,Oct,UK,-22.4438635
Ireland,Nov,UK,-34.48177701
Ireland,Dec,UK,-24.89394646
Italy,Jan,AT,-2.75
Italy,Feb,AT,-2.97
Italy,Mar,AT,-1.61
Italy,Apr,AT,-1.52
Italy,May,AT,-1.19
Italy,Jun,AT,0.24
Italy,Jul,AT,-0.49
Italy,Aug,AT,-1.21
Italy,Sep,AT,-0.94
Italy,Oct,AT,-1.28
Italy,Nov,AT,-1.14
Italy,Dec,AT,-2.19
Italy,Jan,CH,-25.74
Italy,Feb,CH,-28.77
Italy,Mar,CH,-25.69
Italy,Apr,CH,-12.77
Italy,May,CH,-15.11
Italy,Jun,CH,-16.15
Italy,Jul,CH,-25.84
Italy,Aug,CH,-20.43
Italy,Sep,CH,-19.75
Italy,Oct,CH,-15.85
Italy,Nov,CH,-20.11
Italy,Dec,CH,-22.45
Italy,Jan,FR,-19.95631785
Italy,Feb,FR,-24.08261773
Italy,Mar,FR,-14.8379744
Italy,Apr,FR,-13.59495155
Italy,May,FR,-22.47338243
Italy,Jun,FR,-21.30142271
Italy,Jul,FR,-23.84133804
Italy,Aug,FR,-21.83554327
Italy,Sep,FR,-16.482725
Italy,Oct,FR,-21.76134115
Italy,Nov,FR,-20.97782118
Italy,Dec,FR,-21.8542611
Italy,Jan,GR,-1.94
Italy,Feb,GR,-3.46
Italy,Mar,GR,-3.48
Italy,Apr,GR,-2.99
Italy,May,GR,-1.56
Italy,Jun,GR,-0.25
Italy,Jul,GR,-0.95
Italy,Aug,GR,-1.47
Italy,Sep,GR,-2
Italy,Oct,GR,-2.78
Italy,Nov,GR,-1.03
Italy,Dec,GR,-1.41
Italy,Jan,ME,-4.431284818
Italy,Feb,ME,-5.098548171
Italy,Mar,ME,-4.857206053
Italy,Apr,ME,-3.917912675
Italy,May,ME,-3.741454602
Italy,Jun,ME,-2.479282936
Italy,Jul,ME,-1.490288019
Italy,Aug,ME,-2.08009015
Italy,Sep,ME,-1.741887267
Italy,Oct,ME,-4.039478511
Italy,Nov,ME,0.405686374
Italy,Dec,ME,-1.084887306
Italy,Jan,MT,0.872405105
Italy,Feb,MT,0.718972901
Italy,Mar,MT,0.593568797
Italy,Apr,MT,0.870949851
Italy,May,MT,0.772322972
Italy,Jun,MT,0.960682345
Italy,Jul,MT,1.401753317
Italy,Aug,MT,1.446917207
Italy,Sep,MT,1.437809015
Italy,Oct,MT,1.105438247
Italy,Nov,MT,0.672471424
Italy,Dec,MT,0.932035917
Italy,Jan,SI,-7.125548122
Italy,Feb,SI,-7.871371627
Italy,Mar,SI,-7.565203395
Italy,Apr,SI,-6.210587713
Italy,May,SI,-3.0526403
Italy,Jun,SI,0.882268009
Italy,Jul,SI,0.427311409
Italy,Aug,SI,0.650436067
Italy,Sep,SI,-6.353572885
Italy,Oct,SI,-5.703404176
Italy,Nov,SI,-5.273192915
Italy,Dec,SI,-5.786978523
Kosovo,Jan,AL,-5.41
Kosovo,Feb,AL,-1.06
Kosovo,Mar,AL,-0.55
Kosovo,Apr,AL,2.71
Kosovo,May,AL,-3.43
Kosovo,Jun,AL,-2.17
Kosovo,Jul,AL,-3.1
Kosovo,Aug,AL,-1.38
Kosovo,Sep,AL,-0.51
Kosovo,Oct,AL,-1.84
Kosovo,Nov,AL,-4.8
Kosovo,Dec,AL,-11.15
Kosovo,Jan,ME,-5.534741757
Kosovo,Feb,ME,-0.290786749
Kosovo,Mar,ME,-1.405037401
Kosovo,Apr,ME,4.711835749
Kosovo,May,ME,4.927635577
Kosovo,Jun,ME,1.119939614
Kosovo,Jul,ME,0.609525479
Kosovo,Aug,ME,0.124380552
Kosovo,Sep,ME,2.010289855
Kosovo,Oct,ME,0.744226274
Kosovo,Nov,ME,-7.234154589
Kosovo,Dec,ME,-7.670922816
Kosovo,Jan,MK,6.109705282
Kosovo,Feb,MK,6.78425207
Kosovo,Mar,MK,7.396096307
Kosovo,Apr,MK,-0.897391304
Kosovo,May,MK,3.706788219
Kosovo,Jun,MK,5.926364734
Kosovo,Jul,MK,0.675911641
Kosovo,Aug,MK,-0.05172978
Kosovo,Sep,MK,0.186545894
Kosovo,Oct,MK,4.194728845
Kosovo,Nov,MK,-1.572971014
Kosovo,Dec,MK,-0.053297443
Kosovo,Jan,RS,-6.984039101
Kosovo,Feb,RS,-7.541607143
Kosovo,Mar,RS,-6.78880727
Kosovo,Apr,RS,-1.454975242
Kosovo,May,RS,3.244589177
Kosovo,Jun,RS,2.258190217
Kosovo,Jul,RS,-0.452443899
Kosovo,Aug,RS,-1.849970781
Kosovo,Sep,RS,-5.129455314
Kosovo,Oct,RS,-3.768187821
Kosovo,Nov,RS,5.047374396
Kosovo,Dec,RS,-0.026819592
Latvia,Jan,EE,8.73
Latvia,Feb,EE,12.48
Latvia,Mar,EE,13.82
Latvia,Apr,EE,6.8
Latvia,May,EE,-1.92
Latvia,Jun,EE,-5.3
Latvia,Jul,EE,-8.38
Latvia,Aug,EE,-6.41
Latvia,Sep,EE,-8.82
Latvia,Oct,EE,-13.48
Latvia,Nov,EE,-11.3
Latvia,Dec,EE,-11.18
Latvia,Jan,LT,-2.53274649
Latvia,Feb,LT,-3.053800274
Latvia,Mar,LT,1.420610726
Latvia,Apr,LT,5.352086688
Latvia,May,LT,0.610655507
Latvia,Jun,LT,-8.489052156
Latvia,Jul,LT,-2.125471296
Latvia,Aug,LT,-4.946225737
Latvia,Sep,LT,-1.92143608
Latvia,Oct,LT,-3.787357367
Latvia,Nov,LT,-4.040405819
Latvia,Dec,LT,-0.724251901
Latvia,Jan,RU,1.083227961
Latvia,Feb,RU,-0.599251879
Latvia,Mar,RU,3.873581243
Latvia,Apr,RU,0.577138128
Latvia,May,RU,-0.012228802
Latvia,Jun,RU,-1.329788424
Latvia,Jul,RU,-2.769147274
Latvia,Aug,RU,-1.241493948
Latvia,Sep,RU,-2.177100107
Latvia,Oct,RU,-2.742065347
Latvia,Nov,RU,0.157452138
Latvia,Dec,RU,-3.083367468
Lithuania,Jan,LV,2.381280198
Lithuania,Feb,LV,2.871173308
Lithuania,Mar,LV,-1.335653688
Lithuania,Apr,LV,-5.032014888
Lithuania,May,LV,-0.574136366
Lithuania,Jun,LV,7.981379847
Lithuania,Jul,LV,1.998361355
Lithuania,Aug,LV,4.650425712
Lithuania,Sep,LV,1.806528093
Lithuania,Oct,LV,3.560861355
Lithuania,Nov,LV,3.798776705
Lithuania,Dec,LV,0.680939335
Lithuania,Jan,PL,-5.180251894
Lithuania,Feb,PL,-5.128334415
Lithuania,Mar,PL,-0.844836919
Lithuania,Apr,PL,-0.486826058
Lithuania,May,PL,-2.452264088
Lithuania,Jun,PL,-6.715324565
Lithuania,Jul,PL,-5.830331779
Lithuania,Aug,PL,-7.831554276
Lithuania,Sep,PL,-1.191525254
Lithuania,Oct,PL,-6.368903792
Lithuania,Nov,PL,-4.020847264
Lithuania,Dec,PL,-3.658423612
Lithuania,Jan,RU,-0.143423987
Lithuania,Feb,RU,-0.178379925
Lithuania,Mar,RU,-0.148602395
Lithuania,Apr,RU,-0.074228278
Lithuania,May,RU,0.117365876
Lithuania,Jun,RU,0.038954075
Lithuania,Jul,RU,-0.080227996
Lithuania,Aug,RU,-0.051331673
Lithuania,Sep,RU,0.046313819
Lithuania,Oct,RU,-0.023707195
Lithuania,Nov,RU,0.020672996
Lithuania,Dec,RU,-0.074987035
Lithuania,Jan,SE,-24.52222488
Lithuania,Feb,SE,-26.35807953
Lithuania,Mar,SE,-19.4373194
Lithuania,Apr,SE,-17.14805913
Lithuania,May,SE,-18.26981789
Lithuania,Jun,SE,-25.20722359
Lithuania,Jul,SE,-25.92432368
Lithuania,Aug,SE,-26.24483173
Lithuania,Sep,SE,-23.76904334
Lithuania,Oct,SE,-18.15794333
Lithuania,Nov,SE,-21.78883369
Lithuania,Dec,SE,-22.73442312
Luxembourg,Jan,BE,-2.592256066
Luxembourg,Feb,BE,-3.089613668
Luxembourg,Mar,BE,-2.20313689
Luxembourg,Apr,BE,-2.761309829
Luxembourg,May,BE,-5.198963503
Luxembourg,Jun,BE,-5.21878312
Luxembourg,Jul,BE,-3.104028122
Luxembourg,Aug,BE,-3.54279862
Luxembourg,Sep,BE,-3.602757933
Luxembourg,Oct,BE,-2.743580464
Luxembourg,Nov,BE,-3.827852057
Luxembourg,Dec,BE,-3.923315923
Luxembourg,Jan,DE,-15.38536247
Luxembourg,Feb,DE,-13.30844113
Luxembourg,Mar,DE,-13.99268352
Luxembourg,Apr,DE,-12.22689955
Luxembourg,May,DE,-9.522762433
Luxembourg,Jun,DE,-9.353804567
Luxembourg,Jul,DE,-12.0001996
Luxembourg,Aug,DE,-10.14527308
Luxembourg,Sep,DE,-11.01878566
Luxembourg,Oct,DE,-13.44394634
Luxembourg,Nov,DE,-14.50687428
Luxembourg,Dec,DE,-13.40310956
Malta,Jan,IT,-43.30618941
Malta,Feb,IT,-35.68981481
Malta,Mar,IT,-29.46475508
Malta,Apr,IT,-43.23395062
Malta,May,IT,-38.33811231
Malta,Jun,IT,-47.6882716
Malta,Jul,IT,-69.58303465
Malta,Aug,IT,-71.82497013
Malta,Sep,IT,-71.37283951
Malta,Oct,IT,-54.8739546
Malta,Nov,IT,-33.38148148
Malta,Dec,IT,-46.2662629
Moldova,Jan,RO,-28.720387
Moldova,Feb,RO,-27.05134895
Moldova,Mar,RO,-15.3485023
Moldova,Apr,RO,-25.65157528
Moldova,May,RO,-12.44350184
Moldova,Jun,RO,-23.71569865
Moldova,Jul,RO,-32.95439999
Moldova,Aug,RO,-18.36670274
Moldova,Sep,RO,-26.8589917
Moldova,Oct,RO,-11.02191268
Moldova,Nov,RO,-12.22300385
Moldova,Dec,RO,-35.00696253
Moldova,Jan,UA,20.7192539
Moldova,Feb,UA,24.58500825
Moldova,Mar,UA,14.10301168
Moldova,Apr,UA,26.99242424
Moldova,May,UA,13.62111902
Moldova,Jun,UA,23.62818663
Moldova,Jul,UA,28.79451194
Moldova,Aug,UA,16.60184797
Moldova,Sep,UA,27.80315055
Moldova,Oct,UA,10.64935065
Moldova,Nov,UA,3.79004329
Moldova,Dec,UA,21.66786108
Montenegro,Jan,AL,-0.08
Montenegro,Feb,AL,0.47
Montenegro,Mar,AL,1.63
Montenegro,Apr,AL,-9.34
Montenegro,May,AL,-6.41
Montenegro,Jun,AL,4.65
Montenegro,Jul,AL,4.75
Montenegro,Aug,AL,5.68
Montenegro,Sep,AL,1.79
Montenegro,Oct,AL,0.14
Montenegro,Nov,AL,4.18
Montenegro,Dec,AL,2.24
Montenegro,Jan,IT,20.62209172
Montenegro,Feb,IT,23.72736855
Montenegro,Mar,IT,22.60422267
Montenegro,Apr,IT,18.23298611
Montenegro,May,IT,17.41179435
Montenegro,Jun,IT,11.53796296
Montenegro,Jul,IT,6.935427867
Montenegro,Aug,IT,9.680219534
Montenegro,Sep,IT,8.10630787
Montenegro,Oct,IT,18.79872312
Montenegro,Nov,IT,-1.887962963
Montenegro,Dec,IT,5.048794302
Montenegro,Jan,RS,-4.796334452
Montenegro,Feb,RS,-0.941277902
Montenegro,Mar,RS,-2.006806676
Montenegro,Apr,RS,2.762230324
Montenegro,May,RS,4.092426075
Montenegro,Jun,RS,1.739886574
Montenegro,Jul,RS,2.272115815
Montenegro,Aug,RS,1.038613351
Montenegro,Sep,RS,2.732408565
Montenegro,Oct,RS,3.248742159
Montenegro,Nov,RS,-0.789768519
Montenegro,Dec,RS,-2.085090848
Montenegro,Jan,XK,5.304127517
Montenegro,Feb,XK,0.278670635
Montenegro,Mar,XK,1.346494176
Montenegro,Apr,XK,-4.515509259
Montenegro,May,XK,-4.722317428
Montenegro,Jun,XK,-1.073275463
Montenegro,Jul,XK,-0.584128584
Montenegro,Aug,XK,-0.119198029
Montenegro,Sep,XK,-1.926527778
Montenegro,Oct,XK,-0.713216846
Montenegro,Nov,XK,6.932731481
Montenegro,Dec,XK,7.351301032
Netherlands,Jan,BE,10.55883401
Netherlands,Feb,BE,9.874255372
Netherlands,Mar,BE,17.78495952
Netherlands,Apr,BE,8.15553027
Netherlands,May,BE,-1.138845834
Netherlands,Jun,BE,-3.073529656
Netherlands,Jul,BE,-0.041721549
Netherlands,Aug,BE,-1.482207727
Netherlands,Sep,BE,10.86675589
Netherlands,Oct,BE,16.20097564
Netherlands,Nov,BE,22.5785022
Netherlands,Dec,BE,16.97304867
Netherlands,Jan,DE,-3.276636214
Netherlands,Feb,DE,-3.077117082
Netherlands,Mar,DE,-4.889155287
Netherlands,Apr,DE,4.336100162
Netherlands,May,DE,0.78736096
Netherlands,Jun,DE,5.456000822
Netherlands,Jul,DE,2.889478725
Netherlands,Aug,DE,13.60619151
Netherlands,Sep,DE,-4.120725898
Netherlands,Oct,DE,-16.93317085
Netherlands,Nov,DE,1.633839619
Netherlands,Dec,DE,1.971877532
Netherlands,Jan,DK,0.164302459
Netherlands,Feb,DK,-2.976943038
Netherlands,Mar,DK,-1.235786421
Netherlands,Apr,DK,2.18569318
Netherlands,May,DK,-1.263623334
Netherlands,Jun,DK,-0.754820655
Netherlands,Jul,DK,-0.252848798
Netherlands,Aug,DK,0.184788757
Netherlands,Sep,DK,-0.579280812
Netherlands,Oct,DK,-1.978851532
Netherlands,Nov,DK,-0.95492902
Netherlands,Dec,DK,-3.066274566
Netherlands,Jan,NO,-0.207834283
Netherlands,Feb,NO,-3.757922317
Netherlands,Mar,NO,-3.243733133
Netherlands,Apr,NO,-1.978227677
Netherlands,May,NO,-4.83946317
Netherlands,Jun,NO,-4.266138203
Netherlands,Jul,NO,-3.952703203
Netherlands,Aug,NO,-5.396035208
Netherlands,Sep,NO,-5.226417425
Netherlands,Oct,NO,-6.222666639
Netherlands,Nov,NO,-6.441951849
Netherlands,Dec,NO,-5.956405603
Netherlands,Jan,UK,4.562982275
Netherlands,Feb,UK,6.303179541
Netherlands,Mar,UK,5.933424387
Netherlands,Apr,UK,0.752535878
Netherlands,May,UK,1.297372006
Netherlands,Jun,UK,1.930681937
Netherlands,Jul,UK,0.196741369
Netherlands,Aug,UK,-2.964468221
Netherlands,Sep,UK,2.671403789
Netherlands,Oct,UK,5.640168019
Netherlands,Nov,UK,3.062768025
Netherlands,Dec,UK,0.777527937
North Macedonia,Jan,BG,-4.545886155
North Macedonia,Feb,BG,-6.23433642
North Macedonia,Mar,BG,-3.733563985
North Macedonia,Apr,BG,-7.119287837
North Macedonia,May,BG,-0.23186922
North Macedonia,Jun,BG,0.535926497
North Macedonia,Jul,BG,-3.338850723
North Macedonia,Aug,BG,-5.374239457
North Macedonia,Sep,BG,-8.154623342
North Macedonia,Oct,BG,-4.710858888
North Macedonia,Nov,BG,2.685741884
North Macedonia,Dec,BG,-2.632563459
North Macedonia,Jan,GR,4.68
North Macedonia,Feb,GR,14.67
North Macedonia,Mar,GR,6.23
North Macedonia,Apr,GR,2.6
North Macedonia,May,GR,2.41
North Macedonia,Jun,GR,9.84
North Macedonia,Jul,GR,5.33
North Macedonia,Aug,GR,7.93
North Macedonia,Sep,GR,9.6
North Macedonia,Oct,GR,5.33
North Macedonia,Nov,GR,-14.3
North Macedonia,Dec,GR,-12.39
North Macedonia,Jan,RS,0.173020687
North Macedonia,Feb,RS,3.206788899
North Macedonia,Mar,RS,5.215161069
North Macedonia,Apr,RS,0.590584705
North Macedonia,May,RS,3.78385714
North Macedonia,Jun,RS,2.806808413
North Macedonia,Jul,RS,0.52636787
North Macedonia,Aug,RS,-0.054421103
North Macedonia,Sep,RS,-1.408335048
North Macedonia,Oct,RS,1.259952874
North Macedonia,Nov,RS,2.170002286
North Macedonia,Dec,RS,1.885351345
North Macedonia,Jan,XK,-5.78284862
North Macedonia,Feb,XK,-6.421308544
North Macedonia,Mar,XK,-7.000420373
North Macedonia,Apr,XK,0.849382716
North Macedonia,May,XK,-3.508482676
North Macedonia,Jun,XK,-5.609316415
North Macedonia,Jul,XK,-0.639751759
North Macedonia,Aug,XK,0.048962343
North Macedonia,Sep,XK,-0.176566072
North Macedonia,Oct,XK,-3.970319483
North Macedonia,Nov,XK,1.488820302
North Macedonia,Dec,XK,0.050446139
Norway,Jan,DE,2.521017734
Norway,Feb,DE,3.855233901
Norway,Mar,DE,6.57228312
Norway,Apr,DE,6.502250307
Norway,May,DE,8.48539508
Norway,Jun,DE,8.413389083
Norway,Jul,DE,7.580353251
Norway,Aug,DE,9.148697683
Norway,Sep,DE,6.767751174
Norway,Oct,DE,8.266415018
Norway,Nov,DE,8.927547627
Norway,Dec,DE,9.431462319
Norway,Jan,DK,-1.352391415
Norway,Feb,DK,3.168693107
Norway,Mar,DK,5.911337603
Norway,Apr,DK,1.741639796
Norway,May,DK,9.104096855
Norway,Jun,DK,11.16640223
Norway,Jul,DK,10.86191418
Norway,Aug,DK,11.71724461
Norway,Sep,DK,12.75576854
Norway,Oct,DK,10.51586219
Norway,Nov,DK,10.66838243
Norway,Dec,DK,10.70655671
Norway,Jan,FI,0.33
Norway,Feb,FI,0.35
Norway,Mar,FI,0.38
Norway,Apr,FI,-0.03
Norway,May,FI,0.21
Norway,Jun,FI,0.03
Norway,Jul,FI,0.19
Norway,Aug,FI,0.46
Norway,Sep,FI,0.59
Norway,Oct,FI,0.22
Norway,Nov,FI,0.41
Norway,Dec,FI,0.28
Norway,Jan,NL,0.175689308
Norway,Feb,NL,3.1766981
Norway,Mar,NL,2.742036693
Norway,Apr,NL,1.672262376
Norway,May,NL,4.090960951
Norway,Jun,NL,3.606310078
Norway,Jul,NL,3.341352933
Norway,Aug,NL,4.561450011
Norway,Sep,NL,4.418066396
Norway,Oct,NL,5.260229356
Norway,Nov,NL,5.445598518
Norway,Dec,NL,5.035149949
Norway,Jan,SE,-6.50670145
Norway,Feb,SE,-7.262261695
Norway,Mar,SE,-4.688502413
Norway,Apr,SE,-4.404360412
Norway,May,SE,-10.34357421
Norway,Jun,SE,-8.38043937
Norway,Jul,SE,-10.29719416
Norway,Aug,SE,-16.4395182
Norway,Sep,SE,-11.49439009
Norway,Oct,SE,-14.70382532
Norway,Nov,SE,-8.115770156
Norway,Dec,SE,-7.696131022
Norway,Jan,UK,7.845913359
Norway,Feb,UK,11.12343666
Norway,Mar,UK,12.30356871
Norway,Apr,UK,9.087994821
Norway,May,UK,15.36413428
Norway,Jun,UK,13.97406257
Norway,Jul,UK,15.20957961
Norway,Aug,UK,12.8760737
Norway,Sep,UK,15.53962692
Norway,Oct,UK,9.805414848
Norway,Nov,UK,13.28795497
Norway,Dec,UK,12.41328372
Poland,Jan,CZ,7.294950566
Poland,Feb,CZ,5.821694546
Poland,Mar,CZ,6.805961798
Poland,Apr,CZ,7.644568095
Poland,May,CZ,10.75733902
Poland,Jun,CZ,7.527688514
Poland,Jul,CZ,6.464436765
Poland,Aug,CZ,9.524579087
Poland,Sep,CZ,9.043477145
Poland,Oct,CZ,3.410679182
Poland,Nov,CZ,16.08155442
Poland,Dec,CZ,18.85889123
Poland,Jan,DE,-20.91235516
Poland,Feb,DE,-19.04602345
Poland,Mar,DE,-14.73261281
Poland,Apr,DE,-9.270517966
Poland,May,DE,-12.55180669
Poland,Jun,DE,-19.66753479
Poland,Jul,DE,-18.98544823
Poland,Aug,DE,-18.61737367
Poland,Sep,DE,-14.06574911
Poland,Oct,DE,-17.23716116
Poland,Nov,DE,-18.61002561
Poland,Dec,DE,-19.964203
Poland,Jan,LT,2.320879346
Poland,Feb,LT,2.297619048
Poland,Mar,LT,0.37850757
Poland,Apr,LT,0.218109962
Poland,May,LT,1.098674194
Poland,Jun,LT,3.008629388
Poland,Jul,LT,2.612131009
Poland,Aug,LT,3.508727556
Poland,Sep,LT,0.53383241
Poland,Oct,LT,2.853424422
Poland,Nov,LT,1.80143776
Poland,Dec,LT,1.639063114
Poland,Jan,SE,-2.626195096
Poland,Feb,SE,-6.773601084
Poland,Mar,SE,-6.241065942
Poland,Apr,SE,-4.540950907
Poland,May,SE,-6.054102141
Poland,Jun,SE,-7.082226367
Poland,Jul,SE,-7.809543444
Poland,Aug,SE,-4.99072314
Poland,Sep,SE,0
Poland,Oct,SE,-0.594876245
Poland,Nov,SE,-6.968882483
Poland,Dec,SE,-7.238458271
Poland,Jan,SK,6.303077779
Poland,Feb,SK,6.057254193
Poland,Mar,SK,4.526622795
Poland,Apr,SK,0.233894824
Poland,May,SK,0
Poland,Jun,SK,4.417311616
Poland,Jul,SK,6.504383995
Poland,Aug,SK,9.634177598
Poland,Sep,SK,8.838499331
Poland,Oct,SK,4.387866826
Poland,Nov,SK,13.08475269
Poland,Dec,SK,14.66744002
Poland,Jan,UA,0
Poland,Feb,UA,0
Poland,Mar,UA,-1.235619396
Poland,Apr,UA,0
Poland,May,UA,0
Poland,Jun,UA,2.07816975
Poland,Jul,UA,3.757882858
Poland,Aug,UA,2.029199511
Poland,Sep,UA,1.809952212
Poland,Oct,UA,-2.507154631
Poland,Nov,UA,0.150615661
Poland,Dec,UA,2.948298072
Portugal,Jan,ES,-8.480171812
Portugal,Feb,ES,-4.02930878
Portugal,Mar,ES,17.07213038
Portugal,Apr,ES,-0.429345486
Portugal,May,ES,-37.73407493
Portugal,Jun,ES,-53.65465313
Portugal,Jul,ES,-56.37897144
Portugal,Aug,ES,-50.09119288
Portugal,Sep,ES,-50.06818785
Portugal,Oct,ES,-35.20537702
Portugal,Nov,ES,-26.63697118
Portugal,Dec,ES,-49.59737517
Romania,Jan,BG,16.5335567
Romania,Feb,BG,17.51289733
Romania,Mar,BG,10.87284052
Romania,Apr,BG,-5.285484513
Romania,May,BG,-1.619902098
Romania,Jun,BG,0.324083546
Romania,Jul,BG,-9.001578528
Romania,Aug,BG,-5.56168633
Romania,Sep,BG,-2.823208298
Romania,Oct,BG,4.020155103
Romania,Nov,BG,3.520755897
Romania,Dec,BG,1.591366996
Romania,Jan,HU,-5.884431641
Romania,Feb,HU,-3.477054713
Romania,Mar,HU,-4.333832725
Romania,Apr,HU,-4.459357364
Romania,May,HU,-8.636801488
Romania,Jun,HU,-10.63524366
Romania,Jul,HU,-10.61257099
Romania,Aug,HU,-9.295353656
Romania,Sep,HU,-7.025510692
Romania,Oct,HU,-10.3416187
Romania,Nov,HU,-14.94503668
Romania,Dec,HU,-16.17787703
Romania,Jan,MD,8.483899483
Romania,Feb,MD,7.99087162
Romania,Mar,MD,4.533892624
Romania,Apr,MD,7.57738349
Romania,May,MD,3.675765888
Romania,Jun,MD,7.005532467
Romania,Jul,MD,9.734611762
Romania,Aug,MD,5.425458227
Romania,Sep,MD,7.934049979
Romania,Oct,MD,3.25583354
Romania,Nov,MD,3.610631571
Romania,Dec,MD,10.34093139
Romania,Jan,RS,-2.206859713
Romania,Feb,RS,-2.18220984
Romania,Mar,RS,-1.81769106
Romania,Apr,RS,-3.451102586
Romania,May,RS,-3.905745538
Romania,Jun,RS,-5.614467889
Romania,Jul,RS,-3.171873539
Romania,Aug,RS,-1.100561354
Romania,Sep,RS,1.372190253
Romania,Oct,RS,-5.747934026
Romania,Nov,RS,-6.068378801
Romania,Dec,RS,-3.778620578
Romania,Jan,UA,-4.979672669
Romania,Feb,UA,-3.036266137
Romania,Mar,UA,-2.263706412
Romania,Apr,UA,-1.183042057
Romania,May,UA,-3.885147678
Romania,Jun,UA,-5.57079426
Romania,Jul,UA,-5.913772241
Romania,Aug,UA,-8.397856337
Romania,Sep,UA,-5.910192882
Romania,Oct,UA,-1.697338297
Romania,Nov,UA,-8.787208724
Romania,Dec,UA,-10.84264301
Russia,Jan,EE,-8.74
Russia,Feb,EE,-3.53
Russia,Mar,EE,-3.93
Russia,Apr,EE,3.5
Russia,May,EE,3.96
Russia,Jun,EE,-0.21
Russia,Jul,EE,8.5
Russia,Aug,EE,13.12
Russia,Sep,EE,-8.57
Russia,Oct,EE,-26.73
Russia,Nov,EE,-14.49
Russia,Dec,EE,-3.84
Russia,Jan,FI,0
Russia,Feb,FI,0
Russia,Mar,FI,0
Russia,Apr,FI,0
Russia,May,FI,0
Russia,Jun,FI,0
Russia,Jul,FI,0
Russia,Aug,FI,0
Russia,Sep,FI,0
Russia,Oct,FI,0
Russia,Nov,FI,0
Russia,Dec,FI,0
Russia,Jan,LT,0.421029083
Russia,Feb,LT,0.52364418
Russia,Mar,LT,0.436230585
Russia,Apr,LT,0.217901235
Russia,May,LT,-0.34453405
Russia,Jun,LT,-0.114351852
Russia,Jul,LT,0.23551374
Russia,Aug,LT,0.150686977
Russia,Sep,LT,-0.13595679
Russia,Oct,LT,0.069593787
Russia,Nov,LT,-0.060686728
Russia,Dec,LT,0.220128608
Russia,Jan,LV,-2.989709172
Russia,Feb,LV,1.653935185
Russia,Mar,LV,-10.69108423
Russia,Apr,LV,-1.592901235
Russia,May,LV,0.033751493
Russia,Jun,LV,3.670216049
Russia,Jul,LV,7.642846476
Russia,Aug,LV,3.426523297
Russia,Sep,LV,6.008796296
Russia,Oct,LV,7.568100358
Russia,Nov,LV,-0.434567901
Russia,Dec,LV,8.510094213
Russia,Jan,UA,0
Russia,Feb,UA,0
Russia,Mar,UA,0
Russia,Apr,UA,0
Russia,May,UA,0
Russia,Jun,UA,0
Russia,Jul,UA,0
Russia,Aug,UA,0
Russia,Sep,UA,0
Russia,Oct,UA,0
Russia,Nov,UA,0
Russia,Dec,UA,0
Serbia,Jan,BG,-0.108231773
Serbia,Feb,BG,-2.260588143
Serbia,Mar,BG,-1.784952764
Serbia,Apr,BG,-5.505502208
Serbia,May,BG,0.238234945
Serbia,Jun,BG,3.230197143
Serbia,Jul,BG,-1.214873068
Serbia,Aug,BG,-3.159434416
Serbia,Sep,BG,-4.045270726
Serbia,Oct,BG,-1.913469938
Serbia,Nov,BG,0.519318433
Serbia,Dec,BG,-2.109902281
Serbia,Jan,HR,0.585418611
Serbia,Feb,HR,3.365723221
Serbia,Mar,HR,3.052321441
Serbia,Apr,HR,2.8017844
Serbia,May,HR,-1.132533409
Serbia,Jun,HR,-5.807763061
Serbia,Jul,HR,-7.550024923
Serbia,Aug,HR,-7.465018159
Serbia,Sep,HR,-2.685123866
Serbia,Oct,HR,-0.697411522
Serbia,Nov,HR,-1.925833947
Serbia,Dec,HR,-3.8821198
Serbia,Jan,HU,0.028323333
Serbia,Feb,HU,1.193508554
Serbia,Mar,HU,1.688001733
Serbia,Apr,HU,-0.471276061
Serbia,May,HU,-2.358376356
Serbia,Jun,HU,-2.419120064
Serbia,Jul,HU,-0.254871348
Serbia,Aug,HU,1.919631074
Serbia,Sep,HU,0.409139073
Serbia,Oct,HU,1.874794382
Serbia,Nov,HU,0.633533848
Serbia,Dec,HU,-3.279252122
Serbia,Jan,ME,2.541104345
Serbia,Feb,ME,0.498690279
Serbia,Mar,ME,1.063208835
Serbia,Apr,ME,-1.463433284
Serbia,May,ME,-2.168172755
Serbia,Jun,ME,-0.921794211
Serbia,Jul,ME,-1.203769968
Serbia,Aug,ME,-0.550258729
Serbia,Sep,ME,-1.447633677
Serbia,Oct,ME,-1.721187899
Serbia,Nov,ME,0.418420407
Serbia,Dec,ME,1.104683893
Serbia,Jan,MK,-0.092812421
Serbia,Feb,MK,-1.720198019
Serbia,Mar,MK,-2.797536732
Serbia,Apr,MK,-0.316803716
Serbia,May,MK,-2.029751181
Serbia,Jun,MK,-1.50563895
Serbia,Jul,MK,-0.282356275
Serbia,Aug,MK,0.029192777
Serbia,Sep,MK,0.755464496
Serbia,Oct,MK,-0.67586876
Serbia,Nov,MK,-1.164040961
Serbia,Dec,MK,-1.01134741
Serbia,Jan,RO,1.904817103
Serbia,Feb,RO,1.883540944
Serbia,Mar,RO,1.568912151
Serbia,Apr,RO,2.97876625
Serbia,May,RO,3.371184339
Serbia,Jun,RO,4.84604182
Serbia,Jul,RO,2.737753982
Serbia,Aug,RO,0.949932647
Serbia,Sep,RO,-1.184384964
Serbia,Oct,RO,4.961241069
Serbia,Nov,RO,5.23782806
Serbia,Dec,RO,3.26145838
Serbia,Jan,XK,3.545980118
Serbia,Feb,XK,3.829072059
Serbia,Mar,XK,3.446855788
Serbia,Apr,XK,0.738729151
Serbia,May,XK,-1.647363158
Serbia,Jun,XK,-1.146542494
Serbia,Jul,XK,0.229717653
Serbia,Aug,XK,0.939278763
Serbia,Sep,XK,2.60435921
Serbia,Oct,XK,1.913207945
Serbia,Nov,XK,-2.562684572
Serbia,Dec,XK,0.013617011
Slovakia,Jan,CZ,-17.80267535
Slovakia,Feb,CZ,-9.481431197
Slovakia,Mar,CZ,-9.393019186
Slovakia,Apr,CZ,-10.6213927
Slovakia,May,CZ,-19.85745915
Slovakia,Jun,CZ,-25.16583824
Slovakia,Jul,CZ,-27.08174705
Slovakia,Aug,CZ,-29.58971827
Slovakia,Sep,CZ,-22.48916993
Slovakia,Oct,CZ,-12.69629217
Slovakia,Nov,CZ,-27.89369077
Slovakia,Dec,CZ,-33.80771778
Slovakia,Jan,HU,33.29601737
Slovakia,Feb,HU,29.1430541
Slovakia,Mar,HU,26.13989221
Slovakia,Apr,HU,17.5598524
Slovakia,May,HU,17.42415323
Slovakia,Jun,HU,22.06206073
Slovakia,Jul,HU,25.51016234
Slovakia,Aug,HU,33.72925522
Slovakia,Sep,HU,32.88868001
Slovakia,Oct,HU,22.32950585
Slovakia,Nov,HU,36.42232162
Slovakia,Dec,HU,44.86475075
Slovakia,Jan,PL,-7.288088169
Slovakia,Feb,PL,-7.003848623
Slovakia,Mar,PL,-5.234018554
Slovakia,Apr,PL,-0.270446623
Slovakia,May,PL,0
Slovakia,Jun,PL,-5.107624823
Slovakia,Jul,PL,-7.520853416
Slovakia,Aug,PL,-11.13975398
Slovakia,Sep,PL,-10.21973148
Slovakia,Oct,PL,-5.073578563
Slovakia,Nov,PL,-15.129566
Slovakia,Dec,PL,-16.95958702
Slovakia,Jan,UA,5.065139624
Slovakia,Feb,UA,4.375559057
Slovakia,Mar,UA,2.872395372
Slovakia,Apr,UA,0.305572712
Slovakia,May,UA,3.998861217
Slovakia,Jun,UA,7.844441313
Slovakia,Jul,UA,9.700906072
Slovakia,Aug,UA,9.080419566
Slovakia,Sep,UA,7.942749592
Slovakia,Oct,UA,4.153743148
Slovakia,Nov,UA,9.717248911
Slovakia,Dec,UA,12.11526852
Slovenia,Jan,AT,-11.89
Slovenia,Feb,AT,-8.38
Slovenia,Mar,AT,-5.5
Slovenia,Apr,AT,-14.71
Slovenia,May,AT,-15.96
Slovenia,Jun,AT,-15.31
Slovenia,Jul,AT,-19.07
Slovenia,Aug,AT,-22.36
Slovenia,Sep,AT,-17.17
Slovenia,Oct,AT,-10.4
Slovenia,Nov,AT,-14.27
Slovenia,Dec,AT,-16.06
Slovenia,Jan,HR,-1.120422775
Slovenia,Feb,HR,-1.92913314
Slovenia,Mar,HR,-3.834995201
Slovenia,Apr,HR,-3.161898769
Slovenia,May,HR,14.46862965
Slovenia,Jun,HR,27.62709138
Slovenia,Jul,HR,27.70957882
Slovenia,Aug,HR,26.49455924
Slovenia,Sep,HR,8.412509148
Slovenia,Oct,HR,6.701434933
Slovenia,Nov,HR,5.913313524
Slovenia,Dec,HR,4.706421873
Slovenia,Jan,HU,-3.031815419
Slovenia,Feb,HU,-4.430028853
Slovenia,Mar,HU,-3.000930054
Slovenia,Apr,HU,-3.24235302
Slovenia,May,HU,1.575550013
Slovenia,Jun,HU,5.461511801
Slovenia,Jul,HU,1.889678912
Slovenia,Aug,HU,4.31713235
Slovenia,Sep,HU,-0.89714251
Slovenia,Oct,HU,2.299685698
Slovenia,Nov,HU,-0.749546679
Slovenia,Dec,HU,-2.735819653
Slovenia,Jan,IT,18.07523211
Slovenia,Feb,IT,19.96714733
Slovenia,Mar,IT,19.19049664
Slovenia,Apr,IT,15.75427076
Slovenia,May,IT,7.743570183
Slovenia,Jun,IT,-2.238031203
Slovenia,Jul,IT,-1.083952107
Slovenia,Aug,IT,-1.649947861
Slovenia,Sep,IT,16.11697832
Slovenia,Oct,IT,14.46770866
Slovenia,Nov,IT,13.37640056
Slovenia,Dec,IT,14.67971
Spain,Jan,FR,3.062429903
Spain,Feb,FR,17.91832527
Spain,Mar,FR,19.96418179
Spain,Apr,FR,17.68541223
Spain,May,FR,-8.699471139
Spain,Jun,FR,-9.312538966
Spain,Jul,FR,-19.13263497
Spain,Aug,FR,-25.72195284
Spain,Sep,FR,-12.24546123
Spain,Oct,FR,-7.306987381
Spain,Nov,FR,-12.25438638
Spain,Dec,FR,-16.52578454
Spain,Jan,PT,4.711206562
Spain,Feb,PT,2.238504878
Spain,Mar,PT,-9.484516876
Spain,Apr,PT,0.23852527
Spain,May,PT,20.96337496
Spain,Jun,PT,29.80814063
Spain,Jul,PT,31.3216508
Spain,Aug,PT,27.82844049
Spain,Sep,PT,27.81565992
Spain,Oct,PT,19.55854279
Spain,Nov,PT,14.79831732
Spain,Dec,PT,27.55409732
Sweden,Jan,DE,0.874140466
Sweden,Feb,DE,2.504905428
Sweden,Mar,DE,2.619626795
Sweden,Apr,DE,1.476008245
Sweden,May,DE,3.739683175
Sweden,Jun,DE,2.420743985
Sweden,Jul,DE,3.210068153
Sweden,Aug,DE,3.632929519
Sweden,Sep,DE,1.4153382
Sweden,Oct,DE,3.535435471
Sweden,Nov,DE,4.217953366
Sweden,Dec,DE,5.060990199
Sweden,Jan,DK,1.136766309
Sweden,Feb,DK,7.209454437
Sweden,Mar,DK,9.471491249
Sweden,Apr,DK,5.736298324
Sweden,May,DK,10.71104047
Sweden,Jun,DK,10.1619804
Sweden,Jul,DK,11.71610195
Sweden,Aug,DK,11.43150368
Sweden,Sep,DK,11.82215585
Sweden,Oct,DK,13.82148366
Sweden,Nov,DK,12.74171965
Sweden,Dec,DK,14.68819116
Sweden,Jan,FI,10.94
Sweden,Feb,FI,7.53
Sweden,Mar,FI,14.08
Sweden,Apr,FI,12.09
Sweden,May,FI,9.28
Sweden,Jun,FI,3.19
Sweden,Jul,FI,-0.31
Sweden,Aug,FI,7.37
Sweden,Sep,FI,6.62
Sweden,Oct,FI,4.93
Sweden,Nov,FI,7.11
Sweden,Dec,FI,5.09
Sweden,Jan,LT,6.305374026
Sweden,Feb,LT,6.777425414
Sweden,Mar,LT,4.997897601
Sweden,Apr,LT,4.409262503
Sweden,May,LT,4.69769916
Sweden,Jun,LT,6.481507029
Sweden,Jul,LT,6.665894226
Sweden,Aug,LT,6.748306125
Sweden,Sep,LT,6.111709246
Sweden,Oct,LT,4.668932972
Sweden,Nov,LT,5.602540011
Sweden,Dec,LT,5.845678433
Sweden,Jan,NO,5.760726335
Sweden,Feb,NO,6.429663712
Sweden,Mar,NO,4.15097873
Sweden,Apr,NO,3.899412814
Sweden,May,NO,9.157712372
Sweden,Jun,NO,7.419645445
Sweden,Jul,NO,9.116649661
Sweden,Aug,NO,14.55477343
Sweden,Sep,NO,10.17659043
Sweden,Oct,NO,13.01807289
Sweden,Nov,NO,7.185319816
Sweden,Dec,NO,6.813791134
Sweden,Jan,PL,1.507218733
Sweden,Feb,PL,3.887486676
Sweden,Mar,PL,3.581855558
Sweden,Apr,PL,2.60613017
Sweden,May,PL,3.474553803
Sweden,Jun,PL,4.064612057
Sweden,Jul,PL,4.482031892
Sweden,Aug,PL,2.864262224
Sweden,Sep,PL,0
Sweden,Oct,PL,0.341409753
Sweden,Nov,PL,3.999562044
Sweden,Dec,PL,4.154276246
Switzerland,Jan,AT,-3.61
Switzerland,Feb,AT,-4.58
Switzerland,Mar,AT,-2.48
Switzerland,Apr,AT,0.98
Switzerland,May,AT,0.32
Switzerland,Jun,AT,1.7
Switzerland,Jul,AT,1.37
Switzerland,Aug,AT,2.58
Switzerland,Sep,AT,-1.08
Switzerland,Oct,AT,1.05
Switzerland,Nov,AT,-0.16
Switzerland,Dec,AT,-1.74
Switzerland,Jan,DE,-8.332492469
Switzerland,Feb,DE,-5.827063571
Switzerland,Mar,DE,1.270098377
Switzerland,Apr,DE,8.932631695
Switzerland,May,DE,7.977497985
Switzerland,Jun,DE,14.56736922
Switzerland,Jul,DE,21.46949883
Switzerland,Aug,DE,13.94173433
Switzerland,Sep,DE,6.050133084
Switzerland,Oct,DE,9.820251558
Switzerland,Nov,DE,-1.983174581
Switzerland,Dec,DE,-11.87204344
Switzerland,Jan,FR,-14.44074456
Switzerland,Feb,FR,-19.9313942
Switzerland,Mar,FR,-18.03377185
Switzerland,Apr,FR,-12.63560233
Switzerland,May,FR,-14.21242195
Switzerland,Jun,FR,-11.1139849
Switzerland,Jul,FR,-2.223510479
Switzerland,Aug,FR,-2.062255721
Switzerland,Sep,FR,-10.33074172
Switzerland,Oct,FR,-12.4426253
Switzerland,Nov,FR,-19.38150128
Switzerland,Dec,FR,-18.74520859
Switzerland,Jan,IT,26.32137094
Switzerland,Feb,IT,29.41800244
Switzerland,Mar,IT,26.26591687
Switzerland,Apr,IT,13.05959938
Switzerland,May,IT,15.44949476
Switzerland,Jun,IT,16.51543012
Switzerland,Jul,IT,26.42519636
Switzerland,Aug,IT,20.89356
Switzerland,Sep,IT,20.19308633
Switzerland,Oct,IT,16.21132399
Switzerland,Nov,IT,20.56248601
Switzerland,Dec,IT,22.95513433
Turkiye,Jan,BG,5.666086668
Turkiye,Feb,BG,-4.113756614
Turkiye,Mar,BG,-8.884408602
Turkiye,Apr,BG,-3.492798354
Turkiye,May,BG,10.47341697
Turkiye,Jun,BG,15.4585048
Turkiye,Jul,BG,5.457487057
Turkiye,Aug,BG,4.416401168
Turkiye,Sep,BG,2.342935528
Turkiye,Oct,BG,13.95758662
Turkiye,Nov,BG,36.10631001
Turkiye,Dec,BG,26.36176329
Turkiye,Jan,GR,13.97
Turkiye,Feb,GR,18.08
Turkiye,Mar,GR,3.87
Turkiye,Apr,GR,-3.34
Turkiye,May,GR,-4.52
Turkiye,Jun,GR,-0.41
Turkiye,Jul,GR,9.97
Turkiye,Aug,GR,11.93
Turkiye,Sep,GR,20.98
Turkiye,Oct,GR,12.12
Turkiye,Nov,GR,7.61
Turkiye,Dec,GR,15.82
Ukraine,Jan,HU,5.890478223
Ukraine,Feb,HU,12.79209753
Ukraine,Mar,HU,4.855519188
Ukraine,Apr,HU,-1.842811483
Ukraine,May,HU,-15.13896837
Ukraine,Jun,HU,-21.46944561
Ukraine,Jul,HU,-16.57286015
Ukraine,Aug,HU,-10.33120192
Ukraine,Sep,HU,-0.705362041
Ukraine,Oct,HU,-1.234054866
Ukraine,Nov,HU,2.155667132
Ukraine,Dec,HU,2.690095001
Ukraine,Jan,MD,-10.01286119
Ukraine,Feb,MD,-11.88103955
Ukraine,Mar,MD,-6.815472173
Ukraine,Apr,MD,-13.04445607
Ukraine,May,MD,-6.582590993
Ukraine,Jun,MD,-11.41864249
Ukraine,Jul,MD,-13.91533945
Ukraine,Aug,MD,-8.02306879
Ukraine,Sep,MD,-13.43625058
Ukraine,Oct,MD,-5.146443515
Ukraine,Nov,MD,-1.831589958
Ukraine,Dec,MD,-10.47128851
Ukraine,Jan,PL,0
Ukraine,Feb,PL,0
Ukraine,Mar,PL,3.048722837
Ukraine,Apr,PL,0
Ukraine,May,PL,0
Ukraine,Jun,PL,-5.127601261
Ukraine,Jul,PL,-9.272064944
Ukraine,Aug,PL,-5.006773856
Ukraine,Sep,PL,-4.46581096
Ukraine,Oct,PL,6.186063121
Ukraine,Nov,PL,-0.371623663
Ukraine,Dec,PL,-7.274524572
Ukraine,Jan,RO,8.146661144
Ukraine,Feb,RO,4.967280584
Ukraine,Mar,RO,3.703385803
Ukraine,Apr,RO,1.935437006
Ukraine,May,RO,6.356036577
Ukraine,Jun,RO,9.113726174
Ukraine,Jul,RO,9.674832411
Ukraine,Aug,RO,13.73875242
Ukraine,Sep,RO,9.668976639
Ukraine,Oct,RO,2.776817047
Ukraine,Nov,RO,14.37572641
Ukraine,Dec,RO,17.7383825
Ukraine,Jan,RU,0
Ukraine,Feb,RU,0
Ukraine,Mar,RU,0
Ukraine,Apr,RU,0
Ukraine,May,RU,0
Ukraine,Jun,RU,0
Ukraine,Jul,RU,0
Ukraine,Aug,RU,0
Ukraine,Sep,RU,0
Ukraine,Oct,RU,0
Ukraine,Nov,RU,0
Ukraine,Dec,RU,0
Ukraine,Jan,SK,-10.80845694
Ukraine,Feb,SK,-9.336967025
Ukraine,Mar,SK,-6.129379246
Ukraine,Apr,SK,-0.652058926
Ukraine,May,SK,-8.533134814
Ukraine,Jun,SK,-16.73918439
Ukraine,Jul,SK,-20.70067823
Ukraine,Aug,SK,-19.37662753
Ukraine,Sep,SK,-16.94896356
Ukraine,Oct,SK,-8.863636006
Ukraine,Nov,SK,-20.73555207
Ukraine,Dec,SK,-25.85266504
United Kingdom,Jan,BE,-3.397943167
United Kingdom,Feb,BE,-6.562953711
United Kingdom,Mar,BE,-6.155612417
United Kingdom,Apr,BE,-4.937087618
United Kingdom,May,BE,-7.063708248
United Kingdom,Jun,BE,-3.684761673
United Kingdom,Jul,BE,-7.111131177
United Kingdom,Aug,BE,-1.25315274
United Kingdom,Sep,BE,-5.546493203
United Kingdom,Oct,BE,-8.544386725
United Kingdom,Nov,BE,-5.083829492
United Kingdom,Dec,BE,-3.395729361
United Kingdom,Jan,DK,-4.998152649
United Kingdom,Feb,DK,-6.107815666
United Kingdom,Mar,DK,-6.899469801
United Kingdom,Apr,DK,-0.028801271
United Kingdom,May,DK,-5.205451842
United Kingdom,Jun,DK,-3.106660165
United Kingdom,Jul,DK,-4.038299302
United Kingdom,Aug,DK,0.114676132
United Kingdom,Sep,DK,-4.681067524
United Kingdom,Oct,DK,-7.309068363
United Kingdom,Nov,DK,-5.265103132
United Kingdom,Dec,DK,-6.817734887
United Kingdom,Jan,FR,-13.52817721
United Kingdom,Feb,FR,-24.4353945
United Kingdom,Mar,FR,-33.83514399
United Kingdom,Apr,FR,-30.02446284
United Kingdom,May,FR,-31.75899036
United Kingdom,Jun,FR,-34.72384752
United Kingdom,Jul,FR,-33.9024072
United Kingdom,Aug,FR,-24.87363632
United Kingdom,Sep,FR,-20.39895464
United Kingdom,Oct,FR,-12.15986402
United Kingdom,Nov,FR,-18.15944518
United Kingdom,Dec,FR,-13.54970863
United Kingdom,Jan,IE,2.488354348
United Kingdom,Feb,IE,2.588708128
United Kingdom,Mar,IE,3.102767459
United Kingdom,Apr,IE,3.289496676
United Kingdom,May,IE,3.889687929
United Kingdom,Jun,IE,4.071313904
United Kingdom,Jul,IE,4.259244166
United Kingdom,Aug,IE,4.043205216
United Kingdom,Sep,IE,3.559815381
United Kingdom,Oct,IE,2.148880548
United Kingdom,Nov,IE,3.301446735
United Kingdom,Dec,IE,2.383462959
United Kingdom,Jan,NL,-3.732907839
United Kingdom,Feb,NL,-5.156537305
United Kingdom,Mar,NL,-4.854046121
United Kingdom,Apr,NL,-0.615638394
United Kingdom,May,NL,-1.061360716
United Kingdom,Jun,NL,-1.579462138
United Kingdom,Jul,NL,-0.160951184
United Kingdom,Aug,NL,2.4251873
United Kingdom,Sep,NL,-2.185435653
United Kingdom,Oct,NL,-4.614137454
United Kingdom,Nov,NL,-2.505604905
United Kingdom,Dec,NL,-0.636084025
United Kingdom,Jan,NO,-7.593007854
United Kingdom,Feb,NO,-10.76488333
United Kingdom,Mar,NO,-11.90697495
United Kingdom,Apr,NO,-8.795052009
United Kingdom,May,NO,-14.86888612
United Kingdom,Jun,NO,-13.52362204
United Kingdom,Jul,NO,-14.71931337
United Kingdom,Aug,NO,-12.4610258
United Kingdom,Sep,NO,-15.03872193
United Kingdom,Oct,NO,-9.489346688
United Kingdom,Nov,NO,-12.85963047
United Kingdom,Dec,NO,-12.0131534
