Country From,Month,Country To,Flow
Albania,Jan,GR,6.83
Albania,Feb,GR,10.47
Albania,Mar,GR,6.73
Albania,Apr,GR,7.8
Albania,May,GR,13.78
Albania,Jun,GR,19.33
Albania,Jul,GR,12.52
Albania,Aug,GR,4.04
Albania,Sep,GR,9.74
Albania,Oct,GR,12.01
Albania,Nov,GR,7.79
Albania,Dec,GR,7.81
Albania,Jan,ME,14.82698805
Albania,Feb,ME,8.884210938
Albania,Mar,ME,1.255033199
Albania,Apr,ME,-3.116232847
Albania,May,ME,1.275329839
Albania,Jun,ME,6.31039125
Albania,Jul,ME,5.56691371
Albania,Aug,ME,9.381056586
Albania,Sep,ME,4.231777986
Albania,Oct,ME,8.315062836
Albania,Nov,ME,10.24746688
Albania,Dec,ME,7.808008693
Albania,Jan,MK,16.30381832
Albania,Feb,MK,16.34427269
Albania,Mar,MK,11.37458353
Albania,Apr,MK,9.107287569
Albania,May,MK,13.42910571
Albania,Jun,MK,17.49349181
Albania,Jul,MK,7.697790457
Albania,Aug,MK,5.538199731
Albania,Sep,MK,5.802486319
Albania,Oct,MK,12.237408
Albania,Nov,MK,14.07930521
Albania,Dec,MK,14.716458
Albania,Jan,XK,11.11167148
Albania,Feb,XK,7.998601339
Albania,Mar,XK,1.288762366
Albania,Apr,XK,-1.742100833
Albania,May,XK,2.861687836
Albania,Jun,XK,6.361574097
Albania,Jul,XK,3.566441599
Albania,Aug,XK,7.67659496
Albania,Sep,XK,3.696535625
Albania,Oct,XK,6.849540255
Albania,Nov,XK,6.563074306
Albania,Dec,XK,7.404293463
Algeria,Jan,IT,0
Algeria,Feb,IT,0
Algeria,Mar,IT,0
Algeria,Apr,IT,0
Algeria,May,IT,0
Algeria,Jun,IT,0
Algeria,Jul,IT,0
Algeria,Aug,IT,0
Algeria,Sep,IT,0
Algeria,Oct,IT,0
Algeria,Nov,IT,0
Algeria,Dec,IT,0
Algeria,Jan,MA,45.23465557
Algeria,Feb,MA,45.76503095
Algeria,Mar,MA,39.09352978
Algeria,Apr,MA,-1.324883444
Algeria,May,MA,32.47394677
Algeria,Jun,MA,53.43626644
Algeria,Jul,MA,36.22141989
Algeria,Aug,MA,54.91499559
Algeria,Sep,MA,63.398206
Algeria,Oct,MA,77.46440968
Algeria,Nov,MA,61.23476467
Algeria,Dec,MA,71.2637017
Algeria,Jan,TN,13.03970953
Algeria,Feb,TN,7.837306667
Algeria,Mar,TN,5.442936559
Algeria,Apr,TN,9.187236778
Algeria,May,TN,12.46254559
Algeria,Jun,TN,14.20836389
Algeria,Jul,TN,8.780292366
Algeria,Aug,TN,17.40115978
Algeria,Sep,TN,16.31672767
Algeria,Oct,TN,11.12343301
Algeria,Nov,TN,9.023717667
Algeria,Dec,TN,6.044734798
Austria,Jan,CH,-5.84
Austria,Feb,CH,-3.02
Austria,Mar,CH,4.48
Austria,Apr,CH,2.4
Austria,May,CH,3.3
Austria,Jun,CH,1.68
Austria,Jul,CH,0.47
Austria,Aug,CH,-0.18
Austria,Sep,CH,-0.82
Austria,Oct,CH,-1.72
Austria,Nov,CH,-0.51
Austria,Dec,CH,-2.2
Austria,Jan,CZ,3.160455168
Austria,Feb,CZ,4.427051502
Austria,Mar,CZ,5.527993997
Austria,Apr,CZ,4.611653272
Austria,May,CZ,7.013372782
Austria,Jun,CZ,7.127474699
Austria,Jul,CZ,6.676383897
Austria,Aug,CZ,5.700434154
Austria,Sep,CZ,4.816181766
Austria,Oct,CZ,4.31074851
Austria,Nov,CZ,3.270849477
Austria,Dec,CZ,3.940745503
Austria,Jan,DE,-10.7075599
Austria,Feb,DE,-0.19930558
Austria,Mar,DE,-7.370305198
Austria,Apr,DE,-4.610570439
Austria,May,DE,-24.51336504
Austria,Jun,DE,-13.25380803
Austria,Jul,DE,-15.94573155
Austria,Aug,DE,-16.74856912
Austria,Sep,DE,-31.03134575
Austria,Oct,DE,-20.50726653
Austria,Nov,DE,-28.7874991
Austria,Dec,DE,-9.207060533
Austria,Jan,HU,-2.204415224
Austria,Feb,HU,-1.693056432
Austria,Mar,HU,2.874161521
Austria,Apr,HU,4.719482459
Austria,May,HU,6.299915144
Austria,Jun,HU,5.672233208
Austria,Jul,HU,5.614809343
Austria,Aug,HU,5.555666667
Austria,Sep,HU,4.366861395
Austria,Oct,HU,1.179069244
Austria,Nov,HU,1.440566883
Austria,Dec,HU,-0.348643725
Austria,Jan,IT,-3.430519954
Austria,Feb,IT,-2.397643161
Austria,Mar,IT,4.382861249
Austria,Apr,IT,3.980406521
Austria,May,IT,5.400936693
Austria,Jun,IT,5.358598148
Austria,Jul,IT,5.712680102
Austria,Aug,IT,5.239976395
Austria,Sep,IT,4.654439627
Austria,Oct,IT,2.103172483
Austria,Nov,IT,2.210534822
Austria,Dec,IT,-1.469591929
Austria,Jan,SI,-3.331695266
Austria,Feb,SI,-2.773934926
Austria,Mar,SI,3.624118455
Austria,Apr,SI,5.658339048
Austria,May,SI,7.210784814
Austria,Jun,SI,6.132082095
Austria,Jul,SI,6.339022902
Austria,Aug,SI,6.423228478
Austria,Sep,SI,5.209428778
Austria,Oct,SI,1.990937661
Austria,Nov,SI,2.071530686
Austria,Dec,SI,-1.01304295
Austria,Jan,SK,0
Austria,Feb,SK,0
Austria,Mar,SK,0
Austria,Apr,SK,0
Austria,May,SK,0
Austria,Jun,SK,0
Austria,Jul,SK,0
Austria,Aug,SK,0
Austria,Sep,SK,0
Austria,Oct,SK,0
Austria,Nov,SK,0
Austria,Dec,SK,0
Belgium,Jan,DE,3.877866057
Belgium,Feb,DE,2.2134232
Belgium,Mar,DE,1.132833197
Belgium,Apr,DE,-1.601479339
Belgium,May,DE,-1.344590661
Belgium,Jun,DE,-3.924693644
Belgium,Jul,DE,-1.688150928
Belgium,Aug,DE,-2.286909281
Belgium,Sep,DE,0.868616812
Belgium,Oct,DE,1.487646598
Belgium,Nov,DE,2.779471053
Belgium,Dec,DE,4.620004217
Belgium,Jan,FR,-11.28323125
Belgium,Feb,FR,-18.36763522
Belgium,Mar,FR,-10.09170599
Belgium,Apr,FR,-15.53709364
Belgium,May,FR,-6.948353864
Belgium,Jun,FR,-16.5163826
Belgium,Jul,FR,-13.63590377
Belgium,Aug,FR,-14.05757485
Belgium,Sep,FR,-10.53607989
Belgium,Oct,FR,-16.92330706
Belgium,Nov,FR,-12.08487917
Belgium,Dec,FR,-18.36723391
Belgium,Jan,LU,2.481206316
Belgium,Feb,LU,2.234645693
Belgium,Mar,LU,1.825239803
Belgium,Apr,LU,1.199544129
Belgium,May,LU,1.186033969
Belgium,Jun,LU,0.652097702
Belgium,Jul,LU,1.072479731
Belgium,Aug,LU,1.010649701
Belgium,Sep,LU,1.845594649
Belgium,Oct,LU,1.876802314
Belgium,Nov,LU,2.303961547
Belgium,Dec,LU,2.528096105
Belgium,Jan,NL,-8.361559463
Belgium,Feb,NL,-2.460691555
Belgium,Mar,NL,-6.679245322
Belgium,Apr,NL,-4.356672811
Belgium,May,NL,-9.986883115
Belgium,Jun,NL,-8.218015071
Belgium,Jul,NL,-8.943400716
Belgium,Aug,NL,-10.36207099
Belgium,Sep,NL,-5.056635934
Belgium,Oct,NL,-3.007984896
Belgium,Nov,NL,6.563576611
Belgium,Dec,NL,2.232148127
Belgium,Jan,NW,-11.05641526
Belgium,Feb,NW,-9.000560094
Belgium,Mar,NW,-8.706326153
Belgium,Apr,NW,-6.196502906
Belgium,May,NW,-8.351655311
Belgium,Jun,NW,-3.950418464
Belgium,Jul,NW,-7.41677106
Belgium,Aug,NW,-7.253437822
Belgium,Sep,NW,-9.417583998
Belgium,Oct,NW,-8.607668535
Belgium,Nov,NW,-10.09028539
Belgium,Dec,NW,-8.905329913
Belgium,Jan,UK,-8.208425377
Belgium,Feb,UK,-6.15354949
Belgium,Mar,UK,-6.322948327
Belgium,Apr,UK,-4.319043661
Belgium,May,UK,-6.230660044
Belgium,Jun,UK,-3.029486739
Belgium,Jul,UK,-4.82415431
Belgium,Aug,UK,-5.734116883
Belgium,Sep,UK,-6.224238192
Belgium,Oct,UK,-6.116130391
Belgium,Nov,UK,-6.680263089
Belgium,Dec,UK,-5.2290582
Bosnia and Herzegovina,Jan,HR,2.77
Bosnia and Herzegovina,Feb,HR,4.26
Bosnia and Herzegovina,Mar,HR,2.04
Bosnia and Herzegovina,Apr,HR,-3.95
Bosnia and Herzegovina,May,HR,-4.91
Bosnia and Herzegovina,Jun,HR,-3.36
Bosnia and Herzegovina,Jul,HR,-4.89
Bosnia and Herzegovina,Aug,HR,-6.86
Bosnia and Herzegovina,Sep,HR,-5.81
Bosnia and Herzegovina,Oct,HR,-1.01
Bosnia and Herzegovina,Nov,HR,1.24
Bosnia and Herzegovina,Dec,HR,-1.27
Bosnia and Herzegovina,Jan,ME,-13.23031817
Bosnia and Herzegovina,Feb,ME,-7.748515184
Bosnia and Herzegovina,Mar,ME,-2.714570556
Bosnia and Herzegovina,Apr,ME,-0.950399214
Bosnia and Herzegovina,May,ME,-5.15868169
Bosnia and Herzegovina,Jun,ME,-6.854567206
Bosnia and Herzegovina,Jul,ME,-4.658273557
Bosnia and Herzegovina,Aug,ME,-6.948195741
Bosnia and Herzegovina,Sep,ME,-5.292445038
Bosnia and Herzegovina,Oct,ME,-7.162828373
Bosnia and Herzegovina,Nov,ME,-7.527461349
Bosnia and Herzegovina,Dec,ME,-9.467944285
Bosnia and Herzegovina,Jan,RS,-8.381429574
Bosnia and Herzegovina,Feb,RS,-6.053665952
Bosnia and Herzegovina,Mar,RS,-5.978721217
Bosnia and Herzegovina,Apr,RS,-6.976822003
Bosnia and Herzegovina,May,RS,-2.553986099
Bosnia and Herzegovina,Jun,RS,-4.733853116
Bosnia and Herzegovina,Jul,RS,-8.385404331
Bosnia and Herzegovina,Aug,RS,-6.457668541
Bosnia and Herzegovina,Sep,RS,-6.300195952
Bosnia and Herzegovina,Oct,RS,-10.33259417
Bosnia and Herzegovina,Nov,RS,-12.15426252
Bosnia and Herzegovina,Dec,RS,-6.546456564
Bulgaria,Jan,GR,-15.37
Bulgaria,Feb,GR,-12.08
Bulgaria,Mar,GR,-2.75
Bulgaria,Apr,GR,0.39
Bulgaria,May,GR,-9.5
Bulgaria,Jun,GR,-3.91
Bulgaria,Jul,GR,1.41
Bulgaria,Aug,GR,-10.41
Bulgaria,Sep,GR,-0.95
Bulgaria,Oct,GR,-3.41
Bulgaria,Nov,GR,-5.87
Bulgaria,Dec,GR,-9.65
Bulgaria,Jan,MK,-2.164721097
Bulgaria,Feb,MK,-1.954076766
Bulgaria,Mar,MK,-0.381685054
Bulgaria,Apr,MK,-0.894362832
Bulgaria,May,MK,-2.605151011
Bulgaria,Jun,MK,-2.482093956
Bulgaria,Jul,MK,-0.638803812
Bulgaria,Aug,MK,-1.98105968
Bulgaria,Sep,MK,-1.068953047
Bulgaria,Oct,MK,-1.031996197
Bulgaria,Nov,MK,-0.770134775
Bulgaria,Dec,MK,-1.625107433
Bulgaria,Jan,RO,-14.88179046
Bulgaria,Feb,RO,-13.80553742
Bulgaria,Mar,RO,-21.57254484
Bulgaria,Apr,RO,-26.20111111
Bulgaria,May,RO,-24.50817031
Bulgaria,Jun,RO,-17.03123895
Bulgaria,Jul,RO,-12.5477561
Bulgaria,Aug,RO,-6.07666143
Bulgaria,Sep,RO,-15.49287473
Bulgaria,Oct,RO,-13.78655067
Bulgaria,Nov,RO,-18.13644434
Bulgaria,Dec,RO,-17.05813628
Bulgaria,Jan,RS,3.058000602
Bulgaria,Feb,RS,-0.516554458
Bulgaria,Mar,RS,-1.567825332
Bulgaria,Apr,RS,-3.338192923
Bulgaria,May,RS,-2.938367116
Bulgaria,Jun,RS,-1.520514014
Bulgaria,Jul,RS,-0.263836268
Bulgaria,Aug,RS,0.602604679
Bulgaria,Sep,RS,-0.626628067
Bulgaria,Oct,RS,1.064214422
Bulgaria,Nov,RS,0.348857944
Bulgaria,Dec,RS,1.721457066
Bulgaria,Jan,TR,15.82779902
Bulgaria,Feb,TR,16.02514739
Bulgaria,Mar,TR,15.49622932
Bulgaria,Apr,TR,15.09741941
Bulgaria,May,TR,16.15798923
Bulgaria,Jun,TR,16.09265931
Bulgaria,Jul,TR,16.15798923
Bulgaria,Aug,TR,16.15798923
Bulgaria,Sep,TR,16.15798923
Bulgaria,Oct,TR,16.14403952
Bulgaria,Nov,TR,15.84403219
Bulgaria,Dec,TR,15.75233373
Croatia,Jan,BA,-2.21
Croatia,Feb,BA,-3.41
Croatia,Mar,BA,-1.63
Croatia,Apr,BA,3.16
Croatia,May,BA,3.93
Croatia,Jun,BA,2.69
Croatia,Jul,BA,3.91
Croatia,Aug,BA,5.49
Croatia,Sep,BA,4.64
Croatia,Oct,BA,0.81
Croatia,Nov,BA,-1
Croatia,Dec,BA,1.02
Croatia,Jan,HU,14.93530438
Croatia,Feb,HU,12.8346774
Croatia,Mar,HU,-0.530209571
Croatia,Apr,HU,-7.697934649
Croatia,May,HU,-1.687456954
Croatia,Jun,HU,-0.728401645
Croatia,Jul,HU,-3.480344652
Croatia,Aug,HU,-2.3449375
Croatia,Sep,HU,-5.368262281
Croatia,Oct,HU,-1.548833369
Croatia,Nov,HU,-0.878024525
Croatia,Dec,HU,8.857800673
Croatia,Jan,RS,-4.292598093
Croatia,Feb,RS,-4.205447838
Croatia,Mar,RS,-2.416514643
Croatia,Apr,RS,-0.137299086
Croatia,May,RS,-0.178487337
Croatia,Jun,RS,-0.84531356
Croatia,Jul,RS,-1.316473331
Croatia,Aug,RS,-0.433203452
Croatia,Sep,RS,-0.49784163
Croatia,Oct,RS,-2.867090372
Croatia,Nov,RS,-3.541248026
Croatia,Dec,RS,-1.685397848
Croatia,Jan,SI,26.79165811
Croatia,Feb,SI,24.16552181
Croatia,Mar,SI,1.118067098
Croatia,Apr,SI,-16.65471802
Croatia,May,SI,-22.99156586
Croatia,Jun,SI,-17.78231407
Croatia,Jul,SI,-13.28050828
Croatia,Aug,SI,-9.123061014
Croatia,Sep,SI,-9.441628801
Croatia,Oct,SI,4.045761389
Croatia,Nov,SI,7.626430738
Croatia,Dec,SI,14.62026082
Cyprus,Jan,EG,0
Cyprus,Feb,EG,0
Cyprus,Mar,EG,0
Cyprus,Apr,EG,0
Cyprus,May,EG,0
Cyprus,Jun,EG,0
Cyprus,Jul,EG,0
Cyprus,Aug,EG,0
Cyprus,Sep,EG,0
Cyprus,Oct,EG,0
Cyprus,Nov,EG,0
Cyprus,Dec,EG,0
Cyprus,Jan,GR,-27.43
Cyprus,Feb,GR,-22.37
Cyprus,Mar,GR,-19.45
Cyprus,Apr,GR,-20.07
Cyprus,May,GR,-21.76
Cyprus,Jun,GR,-31.26
Cyprus,Jul,GR,-36.37
Cyprus,Aug,GR,-37.82
Cyprus,Sep,GR,-30.52
Cyprus,Oct,GR,-27.02
Cyprus,Nov,GR,-21.91
Cyprus,Dec,GR,-23.64
Cyprus,Jan,IL,27.75729497
Cyprus,Feb,IL,22.86315766
Cyprus,Mar,IL,22.92488515
Cyprus,Apr,IL,26.01398556
Cyprus,May,IL,23.52531754
Cyprus,Jun,IL,25.73023813
Cyprus,Jul,IL,29.13842272
Cyprus,Aug,IL,27.85094079
Cyprus,Sep,IL,27.34993472
Cyprus,Oct,IL,25.54100995
Cyprus,Nov,IL,22.9399934
Cyprus,Dec,IL,23.55218853
Czechia,Jan,AT,-6.55
Czechia,Feb,AT,-9.17
Czechia,Mar,AT,-11.45
Czechia,Apr,AT,-9.56
Czechia,May,AT,-14.53
Czechia,Jun,AT,-14.77
Czechia,Jul,AT,-13.83
Czechia,Aug,AT,-11.81
Czechia,Sep,AT,-9.98
Czechia,Oct,AT,-8.93
Czechia,Nov,AT,-6.78
Czechia,Dec,AT,-8.17
Czechia,Jan,DE,-21.15314997
Czechia,Feb,DE,-20.21777686
Czechia,Mar,DE,-25.73878458
Czechia,Apr,DE,-23.18716537
Czechia,May,DE,-40.83434463
Czechia,Jun,DE,-38.87020574
Czechia,Jul,DE,-38.00450601
Czechia,Aug,DE,-33.51807372
Czechia,Sep,DE,-34.27924929
Czechia,Oct,DE,-25.6977454
Czechia,Nov,DE,-30.75303555
Czechia,Dec,DE,-22.34701388
Czechia,Jan,PL,-5.408071004
Czechia,Feb,PL,-5.224877068
Czechia,Mar,PL,-1.535838869
Czechia,Apr,PL,1.685486747
Czechia,May,PL,-5.79624615
Czechia,Jun,PL,-5.10583783
Czechia,Jul,PL,0.566895184
Czechia,Aug,PL,0.875217879
Czechia,Sep,PL,-2.232579073
Czechia,Oct,PL,-2.556146391
Czechia,Nov,PL,-6.932325306
Czechia,Dec,PL,-0.945120719
Czechia,Jan,SK,-11.2951123
Czechia,Feb,SK,-9.699061567
Czechia,Mar,SK,-1.36832233
Czechia,Apr,SK,9.197209746
Czechia,May,SK,4.043857572
Czechia,Jun,SK,6.07405685
Czechia,Jul,SK,12.00316496
Czechia,Aug,SK,11.3704707
Czechia,Sep,SK,9.869189171
Czechia,Oct,SK,-3.579135502
Czechia,Nov,SK,-2.761458875
Czechia,Dec,SK,-8.519452818
Denmark,Jan,DE,32.3594348
Denmark,Feb,DE,24.74105529
Denmark,Mar,DE,27.65281202
Denmark,Apr,DE,23.6801324
Denmark,May,DE,13.0067613
Denmark,Jun,DE,17.55084679
Denmark,Jul,DE,13.99919101
Denmark,Aug,DE,27.0930993
Denmark,Sep,DE,33.1729353
Denmark,Oct,DE,33.70306281
Denmark,Nov,DE,26.66442158
Denmark,Dec,DE,32.37653401
Denmark,Jan,NL,0.777323789
Denmark,Feb,NL,0.648098587
Denmark,Mar,NL,0.829253506
Denmark,Apr,NL,1.727080906
Denmark,May,NL,-0.247660385
Denmark,Jun,NL,2.120866279
Denmark,Jul,NL,0.565442387
Denmark,Aug,NL,1.94419418
Denmark,Sep,NL,1.787189968
Denmark,Oct,NL,1.692701072
Denmark,Nov,NL,0.448223162
Denmark,Dec,NL,0.774697667
Denmark,Jan,NO,-6.124283733
Denmark,Feb,NO,-2.565463612
Denmark,Mar,NO,-3.797682129
Denmark,Apr,NO,-4.958111025
Denmark,May,NO,0.162209428
Denmark,Jun,NO,-4.503839854
Denmark,Jul,NO,-4.332712314
Denmark,Aug,NO,-6.808979891
Denmark,Sep,NO,-6.360988058
Denmark,Oct,NO,-4.333482653
Denmark,Nov,NO,0.610575609
Denmark,Dec,NO,-5.785882979
Denmark,Jan,NW,0
Denmark,Feb,NW,0
Denmark,Mar,NW,0
Denmark,Apr,NW,0
Denmark,May,NW,0
Denmark,Jun,NW,0
Denmark,Jul,NW,0
Denmark,Aug,NW,0
Denmark,Sep,NW,0
Denmark,Oct,NW,0
Denmark,Nov,NW,0
Denmark,Dec,NW,0
Denmark,Jan,PL,0
Denmark,Feb,PL,0
Denmark,Mar,PL,0
Denmark,Apr,PL,0
Denmark,May,PL,0
Denmark,Jun,PL,0
Denmark,Jul,PL,0
Denmark,Aug,PL,0
Denmark,Sep,PL,0
Denmark,Oct,PL,0
Denmark,Nov,PL,0
Denmark,Dec,PL,0
Denmark,Jan,SE,-9.20222601
Denmark,Feb,SE,-5.855508329
Denmark,Mar,SE,-3.519504838
Denmark,Apr,SE,-2.332946197
Denmark,May,SE,6.302982708
Denmark,Jun,SE,-0.548654358
Denmark,Jul,SE,-1.302447699
Denmark,Aug,SE,-4.431537378
Denmark,Sep,SE,-4.604346156
Denmark,Oct,SE,-5.423552432
Denmark,Nov,SE,0.192183566
Denmark,Dec,SE,-10.80474364
Denmark,Jan,UK,-7.257169777
Denmark,Feb,UK,-6.922829125
Denmark,Mar,UK,-4.945518339
Denmark,Apr,UK,-1.52403407
Denmark,May,UK,-3.684653167
Denmark,Jun,UK,1.780428297
Denmark,Jul,UK,-1.833055855
Denmark,Aug,UK,-2.321196057
Denmark,Sep,UK,-4.948387705
Denmark,Oct,UK,-3.234029416
Denmark,Nov,UK,-5.898594737
Denmark,Dec,UK,-5.581942361
Egypt,Jan,CY,0
Egypt,Feb,CY,0
Egypt,Mar,CY,0
Egypt,Apr,CY,0
Egypt,May,CY,0
Egypt,Jun,CY,0
Egypt,Jul,CY,0
Egypt,Aug,CY,0
Egypt,Sep,CY,0
Egypt,Oct,CY,0
Egypt,Nov,CY,0
Egypt,Dec,CY,0
Egypt,Jan,GR,14.71
Egypt,Feb,GR,-2.17
Egypt,Mar,GR,0.45
Egypt,Apr,GR,0.2
Egypt,May,GR,-8.87
Egypt,Jun,GR,-15.49
Egypt,Jul,GR,-28.01
Egypt,Aug,GR,-23.92
Egypt,Sep,GR,-15.75
Egypt,Oct,GR,-7.99
Egypt,Nov,GR,8.16
Egypt,Dec,GR,11.88
Egypt,Jan,LY,4.737755634
Egypt,Feb,LY,4.756555453
Egypt,Mar,LY,4.760139845
Egypt,Apr,LY,4.773010219
Egypt,May,LY,4.490754901
Egypt,Jun,LY,4.535449582
Egypt,Jul,LY,4.389869525
Egypt,Aug,LY,4.490848987
Egypt,Sep,LY,4.559536303
Egypt,Oct,LY,4.610098375
Egypt,Nov,LY,4.730456216
Egypt,Dec,LY,4.711579401
Egypt,Jan,SA,3.250395591
Egypt,Feb,SA,3.25203252
Egypt,Mar,SA,3.25203252
Egypt,Apr,SA,3.25203252
Egypt,May,SA,3.25203252
Egypt,Jun,SA,3.25203252
Egypt,Jul,SA,3.25203252
Egypt,Aug,SA,3.25203252
Egypt,Sep,SA,3.25203252
Egypt,Oct,SA,3.25203252
Egypt,Nov,SA,3.25203252
Egypt,Dec,SA,3.253728643
Estonia,Jan,BW,0
Estonia,Feb,BW,0
Estonia,Mar,BW,0
Estonia,Apr,BW,0
Estonia,May,BW,0
Estonia,Jun,BW,0
Estonia,Jul,BW,0
Estonia,Aug,BW,0
Estonia,Sep,BW,0
Estonia,Oct,BW,0
Estonia,Nov,BW,0
Estonia,Dec,BW,0
Estonia,Jan,FI,-40.02086333
Estonia,Feb,FI,-36.10180729
Estonia,Mar,FI,-37.77872345
Estonia,Apr,FI,-15.14992561
Estonia,May,FI,-10.04178556
Estonia,Jun,FI,-7.808071168
Estonia,Jul,FI,-21.40139536
Estonia,Aug,FI,-22.22070856
Estonia,Sep,FI,-21.9170047
Estonia,Oct,FI,-25.58524739
Estonia,Nov,FI,-18.66424459
Estonia,Dec,FI,-41.03901393
Estonia,Jan,LV,9.250139895
Estonia,Feb,LV,4.051717441
Estonia,Mar,LV,5.10701468
Estonia,Apr,LV,-14.81334958
Estonia,May,LV,-13.8081257
Estonia,Jun,LV,-15.97761282
Estonia,Jul,LV,-0.980077582
Estonia,Aug,LV,-1.561581085
Estonia,Sep,LV,-0.374423816
Estonia,Oct,LV,-1.17248336
Estonia,Nov,LV,-19.88451989
Estonia,Dec,LV,4.577184246
Estonia,Jan,RU,0
Estonia,Feb,RU,0
Estonia,Mar,RU,0
Estonia,Apr,RU,0
Estonia,May,RU,0
Estonia,Jun,RU,0
Estonia,Jul,RU,0
Estonia,Aug,RU,0
Estonia,Sep,RU,0
Estonia,Oct,RU,0
Estonia,Nov,RU,0
Estonia,Dec,RU,0
Finland,Jan,EE,18.66
Finland,Feb,EE,16.83
Finland,Mar,EE,17.62
Finland,Apr,EE,7.06
Finland,May,EE,4.68
Finland,Jun,EE,3.64
Finland,Jul,EE,9.98
Finland,Aug,EE,10.36
Finland,Sep,EE,10.22
Finland,Oct,EE,11.93
Finland,Nov,EE,8.7
Finland,Dec,EE,19.14
Finland,Jan,NO,0
Finland,Feb,NO,0
Finland,Mar,NO,0
Finland,Apr,NO,0
Finland,May,NO,0
Finland,Jun,NO,0
Finland,Jul,NO,0
Finland,Aug,NO,0
Finland,Sep,NO,0
Finland,Oct,NO,0
Finland,Nov,NO,0
Finland,Dec,NO,0
Finland,Jan,RU,0
Finland,Feb,RU,0
Finland,Mar,RU,0
Finland,Apr,RU,0
Finland,May,RU,0
Finland,Jun,RU,0
Finland,Jul,RU,0
Finland,Aug,RU,0
Finland,Sep,RU,0
Finland,Oct,RU,0
Finland,Nov,RU,0
Finland,Dec,RU,0
Finland,Jan,SE,35.5544466
Finland,Feb,SE,29.21339148
Finland,Mar,SE,19.8749114
Finland,Apr,SE,-7.050740796
Finland,May,SE,-3.827848436
Finland,Jun,SE,-16.47240446
Finland,Jul,SE,-28.61011103
Finland,Aug,SE,-24.65908033
Finland,Sep,SE,6.723060629
Finland,Oct,SE,2.50638358
Finland,Nov,SE,8.764752431
Finland,Dec,SE,22.84595065
France,Jan,BE,4.258820427
France,Feb,BE,6.932806602
France,Mar,BE,3.809082936
France,Apr,BE,5.864427514
France,May,BE,2.622634485
France,Jun,BE,6.234057075
France,Jul,BE,5.146829329
France,Aug,BE,5.305987765
France,Sep,BE,3.976810477
France,Oct,BE,6.387649444
France,Nov,BE,4.561399936
France,Dec,BE,6.932655127
France,Jan,CH,8.17
France,Feb,CH,9.72
France,Mar,CH,10.19
France,Apr,CH,7.99
France,May,CH,10.53
France,Jun,CH,5.98
France,Jul,CH,6.4
France,Aug,CH,6.01
France,Sep,CH,11.39
France,Oct,CH,11.56
France,Nov,CH,14.05
France,Dec,CH,11.12
France,Jan,DE,8.17506343
France,Feb,DE,8.143957472
France,Mar,DE,4.52136128
France,Apr,DE,2.450768585
France,May,DE,0.385241337
France,Jun,DE,-1.614528066
France,Jul,DE,0.131032691
France,Aug,DE,0.751118121
France,Sep,DE,5.164435842
France,Oct,DE,7.224191516
France,Nov,DE,6.554158371
France,Dec,DE,11.04638792
France,Jan,ES,-13.76125797
France,Feb,ES,-15.31235121
France,Mar,ES,-12.62894426
France,Apr,ES,-11.57393595
France,May,ES,-5.240783708
France,Jun,ES,-5.022240594
France,Jul,ES,-2.68951983
France,Aug,ES,-5.550862473
France,Sep,ES,-4.832608086
France,Oct,ES,-8.112870839
France,Nov,ES,-5.853936832
France,Dec,ES,-14.728397
France,Jan,IE,-1.938419669
France,Feb,IE,-1.541491765
France,Mar,IE,-1.749916058
France,Apr,IE,-1.153123734
France,May,IE,-1.545431281
France,Jun,IE,-0.563544657
France,Jul,IE,-1.005728181
France,Aug,IE,-1.63260642
France,Sep,IE,-1.073312215
France,Oct,IE,-0.957030076
France,Nov,IE,-1.825330173
France,Dec,IE,-1.33790212
France,Jan,IT,3.008086713
France,Feb,IT,3.156305919
France,Mar,IT,11.07496092
France,Apr,IT,10.11195366
France,May,IT,12.81274279
France,Jun,IT,11.77953917
France,Jul,IT,12.80188244
France,Aug,IT,11.68185693
France,Sep,IT,13.50237452
France,Oct,IT,12.36338116
France,Nov,IT,12.53316536
France,Dec,IT,7.018615327
France,Jan,LU,0.34937834
France,Feb,LU,0.340028617
France,Mar,LU,0.321749223
France,Apr,LU,0.338876666
France,May,LU,0.329413603
France,Jun,LU,0.364691963
France,Jul,LU,0.348327995
France,Aug,LU,0.321961228
France,Sep,LU,0.353534698
France,Oct,LU,0.338642484
France,Nov,LU,0.348478789
France,Dec,LU,0.31872797
France,Jan,UK,-12.04641403
France,Feb,UK,-5.634121235
France,Mar,UK,-9.642402799
France,Apr,UK,-2.769348949
France,May,UK,-10.13680072
France,Jun,UK,1.660681552
France,Jul,UK,-7.547303247
France,Aug,UK,-7.93460711
France,Sep,UK,-10.45793983
France,Oct,UK,-7.922141151
France,Nov,UK,-9.813747918
France,Dec,UK,-6.384459077
Germany,Jan,AT,3.09
Germany,Feb,AT,0.06
Germany,Mar,AT,2.12
Germany,Apr,AT,1.33
Germany,May,AT,7.07
Germany,Jun,AT,3.82
Germany,Jul,AT,4.6
Germany,Aug,AT,4.83
Germany,Sep,AT,8.94
Germany,Oct,AT,5.91
Germany,Nov,AT,8.3
Germany,Dec,AT,2.65
Germany,Jan,BE,-1.031293861
Germany,Feb,BE,-0.588645849
Germany,Mar,BE,-0.301269798
Germany,Apr,BE,0.425903264
Germany,May,BE,0.357585351
Germany,Jun,BE,1.043747361
Germany,Jul,BE,0.448953023
Germany,Aug,BE,0.608189006
Germany,Sep,BE,-0.231003127
Germany,Oct,BE,-0.395630169
Germany,Nov,BE,-0.739182682
Germany,Dec,BE,-1.228660794
Germany,Jan,BW,0
Germany,Feb,BW,0
Germany,Mar,BW,0
Germany,Apr,BW,0
Germany,May,BW,0
Germany,Jun,BW,0
Germany,Jul,BW,0
Germany,Aug,BW,0
Germany,Sep,BW,0
Germany,Oct,BW,0
Germany,Nov,BW,0
Germany,Dec,BW,0
Germany,Jan,CH,-1.8
Germany,Feb,CH,-1.79
Germany,Mar,CH,3.95
Germany,Apr,CH,2.89
Germany,May,CH,5.75
Germany,Jun,CH,4.26
Germany,Jul,CH,3.52
Germany,Aug,CH,2.9
Germany,Sep,CH,4.31
Germany,Oct,CH,2.16
Germany,Nov,CH,4.08
Germany,Dec,CH,-0.16
Germany,Jan,CZ,2.942439817
Germany,Feb,CZ,2.812327796
Germany,Mar,CZ,3.580309537
Germany,Apr,CZ,3.225374884
Germany,May,CZ,5.680128099
Germany,Jun,CZ,5.406912976
Germany,Jul,CZ,5.286492644
Germany,Aug,CZ,4.662422137
Germany,Sep,CZ,4.768302979
Germany,Oct,CZ,3.574600916
Germany,Nov,CZ,4.277800536
Germany,Dec,CZ,3.108508356
Germany,Jan,DK,-9.648703806
Germany,Feb,DK,-7.377110131
Germany,Mar,DK,-8.245316835
Germany,Apr,DK,-7.060771766
Germany,May,DK,-3.878262648
Germany,Jun,DK,-5.233185413
Germany,Jul,DK,-4.174178208
Germany,Aug,DK,-8.078425719
Germany,Sep,DK,-9.891267542
Germany,Oct,DK,-10.04933715
Germany,Nov,DK,-7.950605675
Germany,Dec,DK,-9.653802324
Germany,Jan,FR,-5.760032314
Germany,Feb,FR,-5.738115503
Germany,Mar,FR,-3.18568624
Germany,Apr,FR,-1.726776357
Germany,May,FR,-0.271435515
Germany,Jun,FR,1.137573294
Germany,Jul,FR,-0.092323753
Germany,Aug,FR,-0.529227044
Germany,Sep,FR,-3.638787343
Germany,Oct,FR,-5.090061616
Germany,Nov,FR,-4.617965883
Germany,Dec,FR,-7.783126325
Germany,Jan,GR,0
Germany,Feb,GR,0
Germany,Mar,GR,0
Germany,Apr,GR,0
Germany,May,GR,0
Germany,Jun,GR,0
Germany,Jul,GR,0
Germany,Aug,GR,0
Germany,Sep,GR,0
Germany,Oct,GR,0
Germany,Nov,GR,0
Germany,Dec,GR,0
Germany,Jan,LU,1.244066926
Germany,Feb,LU,1.332693952
Germany,Mar,LU,1.222779322
Germany,Apr,LU,1.373991745
Germany,May,LU,1.387112517
Germany,Jun,LU,1.53260447
Germany,Jul,LU,1.380323984
Germany,Aug,LU,1.436228529
Germany,Sep,LU,1.34933613
Germany,Oct,LU,1.381715636
Germany,Nov,LU,1.153565134
Germany,Dec,LU,1.179740504
Germany,Jan,MA,0
Germany,Feb,MA,0
Germany,Mar,MA,0
Germany,Apr,MA,0
Germany,May,MA,0
Germany,Jun,MA,0
Germany,Jul,MA,0
Germany,Aug,MA,0
Germany,Sep,MA,0
Germany,Oct,MA,0
Germany,Nov,MA,0
Germany,Dec,MA,0
Germany,Jan,NL,-6.864028586
Germany,Feb,NL,-4.28061204
Germany,Mar,NL,-3.470231811
Germany,Apr,NL,-0.333188364
Germany,May,NL,-2.297810834
Germany,Jun,NL,2.000160566
Germany,Jul,NL,-1.24237789
Germany,Aug,NL,-0.646061668
Germany,Sep,NL,-2.567710519
Germany,Oct,NL,-2.763496836
Germany,Nov,NL,-3.184590475
Germany,Dec,NL,-5.628522813
Germany,Jan,NO,-2.586253923
Germany,Feb,NO,-1.463375066
Germany,Mar,NO,-1.392608817
Germany,Apr,NO,-1.414571473
Germany,May,NO,-0.097992573
Germany,Jun,NO,-1.228283669
Germany,Jul,NO,-1.143148565
Germany,Aug,NO,-1.812308181
Germany,Sep,NO,-1.963049684
Germany,Oct,NO,-1.863382299
Germany,Nov,NO,-0.26672308
Germany,Dec,NO,-2.171560085
Germany,Jan,PL,-0.485044167
Germany,Feb,PL,-0.222500203
Germany,Mar,PL,1.304453309
Germany,Apr,PL,2.249200617
Germany,May,PL,3.499787269
Germany,Jun,PL,3.178831879
Germany,Jul,PL,4.079649517
Germany,Aug,PL,3.139621263
Germany,Sep,PL,2.173033292
Germany,Oct,PL,1.042630422
Germany,Nov,PL,1.321756169
Germany,Dec,PL,1.458833117
Germany,Jan,SE,-2.818115574
Germany,Feb,SE,-2.130795611
Germany,Mar,SE,-1.447446392
Germany,Apr,SE,-1.289383358
Germany,May,SE,0.592828015
Germany,Jun,SE,-0.880668202
Germany,Jul,SE,-0.812137745
Germany,Aug,SE,-1.481503266
Germany,Sep,SE,-1.70709003
Germany,Oct,SE,-2.03017632
Germany,Nov,SE,-0.897984993
Germany,Dec,SE,-2.708165214
Germany,Jan,UK,-2.995093109
Germany,Feb,UK,-2.385907179
Germany,Mar,UK,-2.153776538
Germany,Apr,UK,-1.020961312
Germany,May,UK,-1.358194469
Germany,Jun,UK,0.089548296
Germany,Jul,UK,-1.00707598
Germany,Aug,UK,-1.269345757
Germany,Sep,UK,-2.449532254
Germany,Oct,UK,-1.937732346
Germany,Nov,UK,-2.270940603
Germany,Dec,UK,-2.244065328
Greece,Jan,AL,-1.65
Greece,Feb,AL,-2.53
Greece,Mar,AL,-1.63
Greece,Apr,AL,-1.89
Greece,May,AL,-3.34
Greece,Jun,AL,-4.68
Greece,Jul,AL,-3.03
Greece,Aug,AL,-0.98
Greece,Sep,AL,-2.36
Greece,Oct,AL,-2.91
Greece,Nov,AL,-1.89
Greece,Dec,AL,-1.89
Greece,Jan,BG,10.36621033
Greece,Feb,BG,8.14577181
Greece,Mar,BG,1.8539164
Greece,Apr,BG,-0.263257617
Greece,May,BG,6.403083701
Greece,Jun,BG,2.635032368
Greece,Jul,BG,-0.948865712
Greece,Aug,BG,7.019572984
Greece,Sep,BG,0.643595827
Greece,Oct,BG,2.298323375
Greece,Nov,BG,3.955045315
Greece,Dec,BG,6.508934591
Greece,Jan,CY,6.64
Greece,Feb,CY,5.42
Greece,Mar,CY,4.71
Greece,Apr,CY,4.86
Greece,May,CY,5.27
Greece,Jun,CY,7.57
Greece,Jul,CY,8.81
Greece,Aug,CY,9.16
Greece,Sep,CY,7.39
Greece,Oct,CY,6.54
Greece,Nov,CY,5.31
Greece,Dec,CY,5.72
Greece,Jan,DE,0
Greece,Feb,DE,0
Greece,Mar,DE,0
Greece,Apr,DE,0
Greece,May,DE,0
Greece,Jun,DE,0
Greece,Jul,DE,0
Greece,Aug,DE,0
Greece,Sep,DE,0
Greece,Oct,DE,0
Greece,Nov,DE,0
Greece,Dec,DE,0
Greece,Jan,EG,-8.76
Greece,Feb,EG,1.3
Greece,Mar,EG,-0.27
Greece,Apr,EG,-0.12
Greece,May,EG,5.28
Greece,Jun,EG,9.23
Greece,Jul,EG,16.68
Greece,Aug,EG,14.25
Greece,Sep,EG,9.38
Greece,Oct,EG,4.76
Greece,Nov,EG,-4.86
Greece,Dec,EG,-7.08
Greece,Jan,IT,-1.557382307
Greece,Feb,IT,-2.642794124
Greece,Mar,IT,-4.145543476
Greece,Apr,IT,-3.512211141
Greece,May,IT,-4.103481264
Greece,Jun,IT,-3.610177647
Greece,Jul,IT,-2.555676453
Greece,Aug,IT,-1.635931097
Greece,Sep,IT,-2.084914229
Greece,Oct,IT,-1.684108851
Greece,Nov,IT,-1.549359413
Greece,Dec,IT,-3.184751067
Greece,Jan,LY,0
Greece,Feb,LY,0
Greece,Mar,LY,0
Greece,Apr,LY,0
Greece,May,LY,0
Greece,Jun,LY,0
Greece,Jul,LY,0
Greece,Aug,LY,0
Greece,Sep,LY,0
Greece,Oct,LY,0
Greece,Nov,LY,0
Greece,Dec,LY,0
Greece,Jan,MK,3.648191836
Greece,Feb,MK,2.643351871
Greece,Mar,MK,1.52462556
Greece,Apr,MK,1.533358976
Greece,May,MK,0.537558108
Greece,Jun,MK,-1.369449691
Greece,Jul,MK,-1.035765185
Greece,Aug,MK,1.76138379
Greece,Sep,MK,0.520623705
Greece,Oct,MK,0.34122372
Greece,Nov,MK,1.930079718
Greece,Dec,MK,2.618869883
Greece,Jan,TR,7.957008791
Greece,Feb,TR,7.978424421
Greece,Mar,TR,7.579828946
Greece,Apr,TR,7.31054049
Greece,May,TR,7.99031477
Greece,Jun,TR,7.932135391
Greece,Jul,TR,7.99031477
Greece,Aug,TR,7.99031477
Greece,Sep,TR,7.99031477
Greece,Oct,TR,7.99031477
Greece,Nov,TR,7.85024055
Greece,Dec,TR,7.929762432
Hungary,Jan,AT,3.19
Hungary,Feb,AT,2.45
Hungary,Mar,AT,-4.16
Hungary,Apr,AT,-6.83
Hungary,May,AT,-9.12
Hungary,Jun,AT,-8.21
Hungary,Jul,AT,-8.13
Hungary,Aug,AT,-8.04
Hungary,Sep,AT,-6.32
Hungary,Oct,AT,-1.71
Hungary,Nov,AT,-2.08
Hungary,Dec,AT,0.5
Hungary,Jan,HR,-6.72
Hungary,Feb,HR,-5.77
Hungary,Mar,HR,0.24
Hungary,Apr,HR,3.46
Hungary,May,HR,0.76
Hungary,Jun,HR,0.33
Hungary,Jul,HR,1.57
Hungary,Aug,HR,1.05
Hungary,Sep,HR,2.41
Hungary,Oct,HR,0.7
Hungary,Nov,HR,0.39
Hungary,Dec,HR,-3.98
Hungary,Jan,RO,-14.80521064
Hungary,Feb,RO,-11.44096819
Hungary,Mar,RO,-4.346770152
Hungary,Apr,RO,2.660438302
Hungary,May,RO,-0.058864524
Hungary,Jun,RO,-2.047811612
Hungary,Jul,RO,-3.473541313
Hungary,Aug,RO,-1.880984222
Hungary,Sep,RO,-0.841633934
Hungary,Oct,RO,-6.85457632
Hungary,Nov,RO,-7.930205325
Hungary,Dec,RO,-10.27747985
Hungary,Jan,RS,-5.964833248
Hungary,Feb,RS,-5.15510504
Hungary,Mar,RS,-0.833585334
Hungary,Apr,RS,1.905877213
Hungary,May,RS,0.866794234
Hungary,Jun,RS,0.01619208
Hungary,Jul,RS,0.192840419
Hungary,Aug,RS,0.880816752
Hungary,Sep,RS,0.901751812
Hungary,Oct,RS,-0.978541956
Hungary,Nov,RS,-1.687496252
Hungary,Dec,RS,-3.183517015
Hungary,Jan,SI,-3.021525352
Hungary,Feb,SI,-1.442988285
Hungary,Mar,SI,0.591279033
Hungary,Apr,SI,-1.709579338
Hungary,May,SI,-7.103474291
Hungary,Jun,SI,-6.17237137
Hungary,Jul,SI,-3.100795505
Hungary,Aug,SI,-1.28208851
Hungary,Sep,SI,-1.333828848
Hungary,Oct,SI,1.823819629
Hungary,Nov,SI,1.134606465
Hungary,Dec,SI,-2.620883431
Hungary,Jan,SK,1.882516874
Hungary,Feb,SK,-2.160578229
Hungary,Mar,SK,-8.262120242
Hungary,Apr,SK,-15.32416649
Hungary,May,SK,-7.698424406
Hungary,Jun,SK,-3.719753591
Hungary,Jul,SK,-8.303658355
Hungary,Aug,SK,-14.93529371
Hungary,Sep,SK,-16.716793
Hungary,Oct,SK,-6.534594432
Hungary,Nov,SK,-9.902190624
Hungary,Dec,SK,-3.093055347
Hungary,Jan,UA,0.328818814
Hungary,Feb,UA,1.566207115
Hungary,Mar,UA,-3.892309165
Hungary,Apr,UA,-2.470134581
Hungary,May,UA,-3.415597396
Hungary,Jun,UA,-0.35982024
Hungary,Jul,UA,3.303390047
Hungary,Aug,UA,3.421663714
Hungary,Sep,UA,0.790145958
Hungary,Oct,UA,-4.96752761
Hungary,Nov,UA,-6.714065492
Hungary,Dec,UA,-2.650851219
Ireland,Jan,FR,15.65666806
Ireland,Feb,FR,12.45067065
Ireland,Mar,FR,14.1341193
Ireland,Apr,FR,9.313811562
Ireland,May,FR,12.48249023
Ireland,Jun,FR,4.551765428
Ireland,Jul,FR,8.123293701
Ireland,Aug,FR,13.18660618
Ireland,Sep,FR,8.669171772
Ireland,Oct,FR,7.729957788
Ireland,Nov,FR,14.74324114
Ireland,Dec,FR,10.80627159
Ireland,Jan,UK,15.75271355
Ireland,Feb,UK,21.19798009
Ireland,Mar,UK,14.91794573
Ireland,Apr,UK,23.13237215
Ireland,May,UK,10.413754
Ireland,Jun,UK,10.73974523
Ireland,Jul,UK,5.544736378
Ireland,Aug,UK,16.04824099
Ireland,Sep,UK,2.678485398
Ireland,Oct,UK,-3.048641638
Ireland,Nov,UK,15.28429384
Ireland,Dec,UK,16.61533327
Israel,Jan,CY,-13.88
Israel,Feb,CY,-11.43
Israel,Mar,CY,-11.46
Israel,Apr,CY,-13.01
Israel,May,CY,-11.76
Israel,Jun,CY,-12.87
Israel,Jul,CY,-14.57
Israel,Aug,CY,-13.93
Israel,Sep,CY,-13.67
Israel,Oct,CY,-12.77
Israel,Nov,CY,-11.47
Israel,Dec,CY,-11.78
Israel,Jan,PS,30.42355966
Israel,Feb,PS,27.31856053
Israel,Mar,PS,24.69520323
Israel,Apr,PS,19.88552142
Israel,May,PS,19.09826119
Israel,Jun,PS,22.25219764
Israel,Jul,PS,24.75030659
Israel,Aug,PS,23.56623333
Israel,Sep,PS,20.7725959
Israel,Oct,PS,20.10275551
Israel,Nov,PS,20.5656117
Israel,Dec,PS,25.40465574
Italy,Jan,AT,2.93
Italy,Feb,AT,2.05
Italy,Mar,AT,-3.74
Italy,Apr,AT,-3.4
Italy,May,AT,-4.61
Italy,Jun,AT,-4.57
Italy,Jul,AT,-4.87
Italy,Aug,AT,-4.47
Italy,Sep,AT,-3.97
Italy,Oct,AT,-1.79
Italy,Nov,AT,-1.89
Italy,Dec,AT,1.25
Italy,Jan,CH,3.49
Italy,Feb,CH,4.96
Italy,Mar,CH,-20.14
Italy,Apr,CH,-27.25
Italy,May,CH,-33.99
Italy,Jun,CH,-34.7
Italy,Jul,CH,-36.9
Italy,Aug,CH,-35.91
Italy,Sep,CH,-32.9
Italy,Oct,CH,-20.74
Italy,Nov,CH,-19.31
Italy,Dec,CH,1.32
Italy,Jan,DZ,0
Italy,Feb,DZ,0
Italy,Mar,DZ,0
Italy,Apr,DZ,0
Italy,May,DZ,0
Italy,Jun,DZ,0
Italy,Jul,DZ,0
Italy,Aug,DZ,0
Italy,Sep,DZ,0
Italy,Oct,DZ,0
Italy,Nov,DZ,0
Italy,Dec,DZ,0
Italy,Jan,ES,0
Italy,Feb,ES,0
Italy,Mar,ES,0
Italy,Apr,ES,0
Italy,May,ES,0
Italy,Jun,ES,0
Italy,Jul,ES,0
Italy,Aug,ES,0
Italy,Sep,ES,0
Italy,Oct,ES,0
Italy,Nov,ES,0
Italy,Dec,ES,0
Italy,Jan,FR,-6.273319708
Italy,Feb,FR,-6.582428638
Italy,Mar,FR,-23.09666483
Italy,Apr,FR,-21.08832764
Italy,May,FR,-26.72078286
Italy,Jun,FR,-24.56605221
Italy,Jul,FR,-26.69813375
Italy,Aug,FR,-24.36233737
Italy,Sep,FR,-28.15899949
Italy,Oct,FR,-25.78364591
Italy,Nov,FR,-26.13772831
Italy,Dec,FR,-14.63721696
Italy,Jan,GR,0.9
Italy,Feb,GR,1.52
Italy,Mar,GR,2.39
Italy,Apr,GR,2.02
Italy,May,GR,2.37
Italy,Jun,GR,2.08
Italy,Jul,GR,1.47
Italy,Aug,GR,0.94
Italy,Sep,GR,1.2
Italy,Oct,GR,0.97
Italy,Nov,GR,0.89
Italy,Dec,GR,1.84
Italy,Jan,ME,-0.455336315
Italy,Feb,ME,-0.914663668
Italy,Mar,ME,0.636060187
Italy,Apr,ME,1.430385739
Italy,May,ME,2.538349007
Italy,Jun,ME,2.414693184
Italy,Jul,ME,1.563928445
Italy,Aug,ME,1.435789447
Italy,Sep,ME,1.096080862
Italy,Oct,ME,0.262773272
Italy,Nov,ME,-0.414662363
Italy,Dec,ME,0.704272964
Italy,Jan,MT,1.458423713
Italy,Feb,MT,1.487520831
Italy,Mar,MT,1.478401166
Italy,Apr,MT,1.479547327
Italy,May,MT,1.508654244
Italy,Jun,MT,1.529891196
Italy,Jul,MT,1.562721554
Italy,Aug,MT,1.569382424
Italy,Sep,MT,1.538449349
Italy,Oct,MT,1.491669903
Italy,Nov,MT,1.456342105
Italy,Dec,MT,1.478877395
Italy,Jan,SI,3.160672359
Italy,Feb,SI,0.564119199
Italy,Mar,SI,-0.593693582
Italy,Apr,SI,1.08247829
Italy,May,SI,5.038290009
Italy,Jun,SI,4.225080901
Italy,Jul,SI,3.291707308
Italy,Aug,SI,3.598620619
Italy,Sep,SI,1.808179809
Italy,Oct,SI,0.67236243
Italy,Nov,SI,-0.365651004
Italy,Dec,SI,2.372559692
Italy,Jan,TN,2.53418407
Italy,Feb,TN,3.002675415
Italy,Mar,TN,3.370939556
Italy,Apr,TN,2.881629022
Italy,May,TN,3.559732336
Italy,Jun,TN,3.816963034
Italy,Jul,TN,4.106385806
Italy,Aug,TN,4.053837389
Italy,Sep,TN,3.972076481
Italy,Oct,TN,2.647944908
Italy,Nov,TN,2.618706104
Italy,Dec,TN,2.820364632
Kosovo,Jan,AL,-9.26
Kosovo,Feb,AL,-6.67
Kosovo,Mar,AL,-1.07
Kosovo,Apr,AL,1.45
Kosovo,May,AL,-2.38
Kosovo,Jun,AL,-5.3
Kosovo,Jul,AL,-2.97
Kosovo,Aug,AL,-6.4
Kosovo,Sep,AL,-3.08
Kosovo,Oct,AL,-5.71
Kosovo,Nov,AL,-5.47
Kosovo,Dec,AL,-6.17
Kosovo,Jan,RS,9.25972623
Kosovo,Feb,RS,6.665501116
Kosovo,Mar,RS,1.073968638
Kosovo,Apr,RS,-1.451750694
Kosovo,May,RS,2.384739863
Kosovo,Jun,RS,5.301311748
Kosovo,Jul,RS,2.972034666
Kosovo,Aug,RS,6.397162466
Kosovo,Sep,RS,3.080446354
Kosovo,Oct,RS,5.707950213
Kosovo,Nov,RS,5.469228588
Kosovo,Dec,RS,6.170244553
Latvia,Jan,BW,0
Latvia,Feb,BW,0
Latvia,Mar,BW,0
Latvia,Apr,BW,0
Latvia,May,BW,0
Latvia,Jun,BW,0
Latvia,Jul,BW,0
Latvia,Aug,BW,0
Latvia,Sep,BW,0
Latvia,Oct,BW,0
Latvia,Nov,BW,0
Latvia,Dec,BW,0
Latvia,Jan,EE,-8.37
Latvia,Feb,EE,-3.66
Latvia,Mar,EE,-4.62
Latvia,Apr,EE,13.4
Latvia,May,EE,12.49
Latvia,Jun,EE,14.45
Latvia,Jul,EE,0.89
Latvia,Aug,EE,1.41
Latvia,Sep,EE,0.34
Latvia,Oct,EE,1.06
Latvia,Nov,EE,17.98
Latvia,Dec,EE,-4.14
Latvia,Jan,LT,-4.137100078
Latvia,Feb,LT,-11.51751161
Latvia,Mar,LT,-16.31252696
Latvia,Apr,LT,-17.65977563
Latvia,May,LT,-20.6535141
Latvia,Jun,LT,-26.9304136
Latvia,Jul,LT,-19.87204462
Latvia,Aug,LT,-20.74686335
Latvia,Sep,LT,-16.83332458
Latvia,Oct,LT,-15.60125493
Latvia,Nov,LT,-26.9622449
Latvia,Dec,LT,-4.024863637
Latvia,Jan,RU,0
Latvia,Feb,RU,0
Latvia,Mar,RU,0
Latvia,Apr,RU,0
Latvia,May,RU,0
Latvia,Jun,RU,0
Latvia,Jul,RU,0
Latvia,Aug,RU,0
Latvia,Sep,RU,0
Latvia,Oct,RU,0
Latvia,Nov,RU,0
Latvia,Dec,RU,0
Latvia,Jan,SE,0
Latvia,Feb,SE,0
Latvia,Mar,SE,0
Latvia,Apr,SE,0
Latvia,May,SE,0
Latvia,Jun,SE,0
Latvia,Jul,SE,0
Latvia,Aug,SE,0
Latvia,Sep,SE,0
Latvia,Oct,SE,0
Latvia,Nov,SE,0
Latvia,Dec,SE,0
Libya,Jan,EG,-31.5
Libya,Feb,EG,-31.62
Libya,Mar,EG,-31.65
Libya,Apr,EG,-31.73
Libya,May,EG,-29.86
Libya,Jun,EG,-30.15
Libya,Jul,EG,-29.19
Libya,Aug,EG,-29.86
Libya,Sep,EG,-30.31
Libya,Oct,EG,-30.65
Libya,Nov,EG,-31.45
Libya,Dec,EG,-31.33
Libya,Jan,GR,0
Libya,Feb,GR,0
Libya,Mar,GR,0
Libya,Apr,GR,0
Libya,May,GR,0
Libya,Jun,GR,0
Libya,Jul,GR,0
Libya,Aug,GR,0
Libya,Sep,GR,0
Libya,Oct,GR,0
Libya,Nov,GR,0
Libya,Dec,GR,0
Libya,Jan,TN,-64.09448322
Libya,Feb,TN,-63.74702582
Libya,Mar,TN,-65.23508664
Libya,Apr,TN,-63.20382151
Libya,May,TN,-63.17415413
Libya,Jun,TN,-58.04150713
Libya,Jul,TN,-43.83908711
Libya,Aug,TN,-56.81129559
Libya,Sep,TN,-50.44553378
Libya,Oct,TN,-62.76411145
Libya,Nov,TN,-65.52689133
Libya,Dec,TN,-65.82894786
Lithuania,Jan,LV,3.427612641
Lithuania,Feb,LV,9.542328597
Lithuania,Mar,LV,13.51502805
Lithuania,Apr,LV,14.63123179
Lithuania,May,LV,17.11156237
Lithuania,Jun,LV,22.31201188
Lithuania,Jul,LV,16.46411014
Lithuania,Aug,LV,17.18890279
Lithuania,Sep,LV,13.94651206
Lithuania,Oct,LV,12.92573484
Lithuania,Nov,LV,22.33838431
Lithuania,Dec,LV,3.334624065
Lithuania,Jan,PL,24.67994695
Lithuania,Feb,PL,23.14408199
Lithuania,Mar,PL,20.82049393
Lithuania,Apr,PL,21.32271876
Lithuania,May,PL,24.12298833
Lithuania,Jun,PL,23.75352044
Lithuania,Jul,PL,24.23134282
Lithuania,Aug,PL,25.64521543
Lithuania,Sep,PL,25.28307329
Lithuania,Oct,PL,23.82012794
Lithuania,Nov,PL,23.93981617
Lithuania,Dec,PL,25.8154591
Lithuania,Jan,RU,0
Lithuania,Feb,RU,0
Lithuania,Mar,RU,0
Lithuania,Apr,RU,0
Lithuania,May,RU,0
Lithuania,Jun,RU,0
Lithuania,Jul,RU,0
Lithuania,Aug,RU,0
Lithuania,Sep,RU,0
Lithuania,Oct,RU,0
Lithuania,Nov,RU,0
Lithuania,Dec,RU,0
Lithuania,Jan,SE,2.098048013
Lithuania,Feb,SE,9.000770305
Lithuania,Mar,SE,-1.862388847
Lithuania,Apr,SE,-0.865528138
Lithuania,May,SE,5.871023063
Lithuania,Jun,SE,-1.101424458
Lithuania,Jul,SE,-11.64563669
Lithuania,Aug,SE,-6.780846928
Lithuania,Sep,SE,1.063166233
Lithuania,Oct,SE,-0.519024861
Lithuania,Nov,SE,10.85828501
Lithuania,Dec,SE,2.640314398
Luxembourg,Jan,BE,-5.879833456
Luxembourg,Feb,BE,-5.295546938
Luxembourg,Mar,BE,-4.325358188
Luxembourg,Apr,BE,-2.84261718
Luxembourg,May,BE,-2.810601507
Luxembourg,Jun,BE,-1.54530716
Luxembourg,Jul,BE,-2.541506591
Luxembourg,Aug,BE,-2.394985006
Luxembourg,Sep,BE,-4.373594042
Luxembourg,Oct,BE,-4.447548342
Luxembourg,Nov,BE,-5.459808036
Luxembourg,Dec,BE,-5.990950433
Luxembourg,Jan,DE,-11.08552493
Luxembourg,Feb,DE,-11.87525504
Luxembourg,Mar,DE,-10.89583717
Luxembourg,Apr,DE,-12.24324787
Luxembourg,May,DE,-12.36016332
Luxembourg,Jun,DE,-13.65660055
Luxembourg,Jul,DE,-12.29967265
Luxembourg,Aug,DE,-12.79782207
Luxembourg,Sep,DE,-12.02354873
Luxembourg,Oct,DE,-12.31207325
Luxembourg,Nov,DE,-10.27908931
Luxembourg,Dec,DE,-10.51233056
Luxembourg,Jan,FR,-2.193523462
Luxembourg,Feb,FR,-2.134822523
Luxembourg,Mar,FR,-2.020057886
Luxembourg,Apr,FR,-2.127590161
Luxembourg,May,FR,-2.068177634
Luxembourg,Jun,FR,-2.289667921
Luxembourg,Jul,FR,-2.186929018
Luxembourg,Aug,FR,-2.021388927
Luxembourg,Sep,FR,-2.219618581
Luxembourg,Oct,FR,-2.126119883
Luxembourg,Nov,FR,-2.187875759
Luxembourg,Dec,FR,-2.001089369
Malta,Jan,IT,-92.88538583
Malta,Feb,IT,-94.73854894
Malta,Mar,IT,-94.1577276
Malta,Apr,IT,-94.23072531
Malta,May,IT,-96.08451254
Malta,Jun,IT,-97.43707037
Malta,Jul,IT,-99.5279994
Malta,Aug,IT,-99.95222282
Malta,Sep,IT,-97.98212963
Malta,Oct,IT,-95.00279869
Malta,Nov,IT,-92.75281049
Malta,Dec,IT,-94.18805811
Malta,Jan,TN,0
Malta,Feb,TN,0
Malta,Mar,TN,0
Malta,Apr,TN,0
Malta,May,TN,0
Malta,Jun,TN,0
Malta,Jul,TN,0
Malta,Aug,TN,0
Malta,Sep,TN,0
Malta,Oct,TN,0
Malta,Nov,TN,0
Malta,Dec,TN,0
Moldova,Jan,RO,-43.80336029
Moldova,Feb,RO,-42.04557287
Moldova,Mar,RO,-13.29596098
Moldova,Apr,RO,-15.35562679
Moldova,May,RO,-10.53625095
Moldova,Jun,RO,-23.41453683
Moldova,Jul,RO,-39.08312721
Moldova,Aug,RO,-36.68532527
Moldova,Sep,RO,-25.62087894
Moldova,Oct,RO,-13.69437192
Moldova,Nov,RO,-15.93771129
Moldova,Dec,RO,-31.70580627
Moldova,Jan,UA,14.26333354
Moldova,Feb,UA,10.1511827
Moldova,Mar,UA,-16.97876379
Moldova,Apr,UA,-18.42128262
Moldova,May,UA,-20.84940314
Moldova,Jun,UA,-11.40913441
Moldova,Jul,UA,5.034936958
Moldova,Aug,UA,0.972603451
Moldova,Sep,UA,-8.103296774
Moldova,Oct,UA,-20.09271237
Moldova,Nov,UA,-17.60354659
Moldova,Dec,UA,2.012301763
Montenegro,Jan,AL,-8.88
Montenegro,Feb,AL,-5.32
Montenegro,Mar,AL,-0.75
Montenegro,Apr,AL,1.87
Montenegro,May,AL,-0.76
Montenegro,Jun,AL,-3.78
Montenegro,Jul,AL,-3.33
Montenegro,Aug,AL,-5.62
Montenegro,Sep,AL,-2.53
Montenegro,Oct,AL,-4.98
Montenegro,Nov,AL,-6.14
Montenegro,Dec,AL,-4.68
Montenegro,Jan,BA,12.04
Montenegro,Feb,BA,7.05
Montenegro,Mar,BA,2.47
Montenegro,Apr,BA,0.87
Montenegro,May,BA,4.7
Montenegro,Jun,BA,6.24
Montenegro,Jul,BA,4.24
Montenegro,Aug,BA,6.32
Montenegro,Sep,BA,4.82
Montenegro,Oct,BA,6.52
Montenegro,Nov,BA,6.85
Montenegro,Dec,BA,8.62
Montenegro,Jan,IT,1.953583651
Montenegro,Feb,IT,3.924290526
Montenegro,Mar,IT,-2.728964812
Montenegro,Apr,IT,-6.136954383
Montenegro,May,IT,-10.89058122
Montenegro,Jun,IT,-10.36004591
Montenegro,Jul,IT,-6.70990857
Montenegro,Aug,IT,-6.160138554
Montenegro,Sep,IT,-4.702646332
Montenegro,Oct,IT,-1.127407483
Montenegro,Nov,IT,1.779075349
Montenegro,Dec,IT,-3.021626219
Montenegro,Jan,RS,8.456311659
Montenegro,Feb,RS,3.977890024
Montenegro,Mar,RS,-2.214228841
Montenegro,Apr,RS,-3.943893713
Montenegro,May,RS,2.423810725
Montenegro,Jun,RS,2.330879574
Montenegro,Jul,RS,-1.046901439
Montenegro,Aug,RS,2.862227279
Montenegro,Sep,RS,0.077910304
Montenegro,Oct,RS,0.297270057
Montenegro,Nov,RS,0.820528027
Montenegro,Dec,RS,5.084075396
Morocco,Jan,DE,0
Morocco,Feb,DE,0
Morocco,Mar,DE,0
Morocco,Apr,DE,0
Morocco,May,DE,0
Morocco,Jun,DE,0
Morocco,Jul,DE,0
Morocco,Aug,DE,0
Morocco,Sep,DE,0
Morocco,Oct,DE,0
Morocco,Nov,DE,0
Morocco,Dec,DE,0
Morocco,Jan,DZ,-29.75964182
Morocco,Feb,DZ,-30.10857299
Morocco,Mar,DZ,-25.71942749
Morocco,Apr,DZ,0.871633845
Morocco,May,DZ,-21.36443867
Morocco,Jun,DZ,-35.15543845
Morocco,Jul,DZ,-23.82988151
Morocco,Aug,DZ,-36.12828657
Morocco,Sep,DZ,-41.70934605
Morocco,Oct,DZ,-50.96342742
Morocco,Nov,DZ,-40.28602939
Morocco,Dec,DZ,-46.88401427
Morocco,Jan,ES,-35.55398877
Morocco,Feb,ES,-44.76848535
Morocco,Mar,ES,-45.9933339
Morocco,Apr,ES,-43.15205636
Morocco,May,ES,-46.78222199
Morocco,Jun,ES,-46.64332463
Morocco,Jul,ES,-44.96273062
Morocco,Aug,ES,-45.91676677
Morocco,Sep,ES,-42.3244432
Morocco,Oct,ES,-45.35263172
Morocco,Nov,ES,-47.30830863
Morocco,Dec,ES,-46.99169724
Netherlands,Jan,BE,7.485586567
Netherlands,Feb,BE,2.202904821
Netherlands,Mar,BE,5.97951486
Netherlands,Apr,BE,3.900259469
Netherlands,May,BE,8.940638217
Netherlands,Jun,BE,7.357080159
Netherlands,Jul,BE,8.006473022
Netherlands,Aug,BE,9.276520695
Netherlands,Sep,BE,4.526893122
Netherlands,Oct,BE,2.692862669
Netherlands,Nov,BE,-5.875963823
Netherlands,Dec,BE,-1.998304038
Netherlands,Jan,DE,23.10617242
Netherlands,Feb,DE,14.40969521
Netherlands,Mar,DE,11.68173669
Netherlands,Apr,DE,1.12160194
Netherlands,May,DE,7.73505131
Netherlands,Jun,DE,-6.733080192
Netherlands,Jul,DE,4.182179222
Netherlands,Aug,DE,2.174817908
Netherlands,Sep,DE,8.643606481
Netherlands,Oct,DE,9.302676054
Netherlands,Nov,DE,10.72019087
Netherlands,Dec,DE,18.9471266
Netherlands,Jan,DK,-0.78022333
Netherlands,Feb,DK,-0.650516097
Netherlands,Mar,DK,-0.832346753
Netherlands,Apr,DK,-1.733523192
Netherlands,May,DK,0.248584197
Netherlands,Jun,DK,-2.128777447
Netherlands,Jul,DK,-0.567551577
Netherlands,Aug,DK,-1.951446333
Netherlands,Sep,DK,-1.79385647
Netherlands,Oct,DK,-1.699015116
Netherlands,Nov,DK,-0.449895106
Netherlands,Dec,DK,-0.777587412
Netherlands,Jan,NO,-3.050669159
Netherlands,Feb,NO,-1.646424461
Netherlands,Mar,NO,-1.594040888
Netherlands,Apr,NO,-1.902476609
Netherlands,May,NO,0.505377155
Netherlands,Jun,NO,-2.229148821
Netherlands,Jul,NO,-1.497871821
Netherlands,Aug,NO,-2.56812069
Netherlands,Sep,NO,-2.586219147
Netherlands,Oct,NO,-1.904843286
Netherlands,Nov,NO,0.37019321
Netherlands,Dec,NO,-2.290505486
Netherlands,Jan,NW,0
Netherlands,Feb,NW,0
Netherlands,Mar,NW,0
Netherlands,Apr,NW,0
Netherlands,May,NW,0
Netherlands,Jun,NW,0
Netherlands,Jul,NW,0
Netherlands,Aug,NW,0
Netherlands,Sep,NW,0
Netherlands,Oct,NW,0
Netherlands,Nov,NW,0
Netherlands,Dec,NW,0
Netherlands,Jan,UK,-10.16929839
Netherlands,Feb,UK,-8.620249303
Netherlands,Mar,UK,-6.310564068
Netherlands,Apr,UK,-3.919842383
Netherlands,May,UK,-3.378192887
Netherlands,Jun,UK,-0.216554078
Netherlands,Jul,UK,-2.087377261
Netherlands,Aug,UK,-5.1162468
Netherlands,Sep,UK,-7.217172189
Netherlands,Oct,UK,-6.865426374
Netherlands,Nov,UK,-8.82947468
Netherlands,Dec,UK,-5.874005607
North Hub,Jan,BE,44.54155863
North Hub,Feb,BE,36.25939923
North Hub,Mar,BE,35.07405679
North Hub,Apr,BE,24.96305456
North Hub,May,BE,33.64523997
North Hub,Jun,BE,15.91454296
North Hub,Jul,BE,29.87899198
North Hub,Aug,BE,29.22099237
North Hub,Sep,BE,37.93940982
North Hub,Oct,BE,34.67660753
North Hub,Nov,BE,40.64943542
North Hub,Dec,BE,35.87575765
North Hub,Jan,DK,0
North Hub,Feb,DK,0
North Hub,Mar,DK,0
North Hub,Apr,DK,0
North Hub,May,DK,0
North Hub,Jun,DK,0
North Hub,Jul,DK,0
North Hub,Aug,DK,0
North Hub,Sep,DK,0
North Hub,Oct,DK,0
North Hub,Nov,DK,0
North Hub,Dec,DK,0
North Hub,Jan,NL,0
North Hub,Feb,NL,0
North Hub,Mar,NL,0
North Hub,Apr,NL,0
North Hub,May,NL,0
North Hub,Jun,NL,0
North Hub,Jul,NL,0
North Hub,Aug,NL,0
North Hub,Sep,NL,0
North Hub,Oct,NL,0
North Hub,Nov,NL,0
North Hub,Dec,NL,0
North Hub,Jan,UK,-19.20357512
North Hub,Feb,UK,-14.27274809
North Hub,Mar,UK,-10.54865702
North Hub,Apr,UK,-8.389998512
North Hub,May,UK,-9.789830693
North Hub,Jun,UK,-3.828767212
North Hub,Jul,UK,-8.336493472
North Hub,Aug,UK,-12.15242127
North Hub,Sep,UK,-15.55889841
North Hub,Oct,UK,-11.65192238
North Hub,Nov,UK,-4.976833581
North Hub,Dec,UK,-5.236825452
North Macedonia,Jan,AL,-10.25
North Macedonia,Feb,AL,-10.28
North Macedonia,Mar,AL,-7.15
North Macedonia,Apr,AL,-5.73
North Macedonia,May,AL,-8.45
North Macedonia,Jun,AL,-11
North Macedonia,Jul,AL,-4.84
North Macedonia,Aug,AL,-3.48
North Macedonia,Sep,AL,-3.65
North Macedonia,Oct,AL,-7.7
North Macedonia,Nov,AL,-8.85
North Macedonia,Dec,AL,-9.26
North Macedonia,Jan,BG,3.791665569
North Macedonia,Feb,BG,3.422706789
North Macedonia,Mar,BG,0.668548979
North Macedonia,Apr,BG,1.566541186
North Macedonia,May,BG,4.563110418
North Macedonia,Jun,BG,4.347567086
North Macedonia,Jul,BG,1.118911079
North Macedonia,Aug,BG,3.469969314
North Macedonia,Sep,BG,1.872348576
North Macedonia,Oct,BG,1.80761598
North Macedonia,Nov,BG,1.348946759
North Macedonia,Dec,BG,2.846493208
North Macedonia,Jan,GR,-9.48
North Macedonia,Feb,GR,-6.87
North Macedonia,Mar,GR,-3.96
North Macedonia,Apr,GR,-3.98
North Macedonia,May,GR,-1.4
North Macedonia,Jun,GR,3.56
North Macedonia,Jul,GR,2.69
North Macedonia,Aug,GR,-4.58
North Macedonia,Sep,GR,-1.35
North Macedonia,Oct,GR,-0.89
North Macedonia,Nov,GR,-5.01
North Macedonia,Dec,GR,-6.8
North Macedonia,Jan,RS,8.750935165
North Macedonia,Feb,RS,2.139959896
North Macedonia,Mar,RS,-2.726746171
North Macedonia,Apr,RS,-6.24724655
North Macedonia,May,RS,-3.305743516
North Macedonia,Jun,RS,0.503026773
North Macedonia,Jul,RS,-0.12869873
North Macedonia,Aug,RS,3.955346335
North Macedonia,Sep,RS,0.22815055
North Macedonia,Oct,RS,3.414640055
North Macedonia,Nov,RS,1.716487858
North Macedonia,Dec,RS,4.700975236
Norway,Jan,DE,12.01884082
Norway,Feb,DE,6.800597504
Norway,Mar,DE,6.471732547
Norway,Apr,DE,6.573797417
Norway,May,DE,0.455391144
Norway,Jun,DE,5.708080619
Norway,Jul,DE,5.312440711
Norway,Aug,DE,8.422159689
Norway,Sep,DE,9.122685698
Norway,Oct,DE,8.659511364
Norway,Nov,DE,1.239515662
Norway,Dec,DE,10.09167536
Norway,Jan,DK,8.48622947
Norway,Feb,DK,3.554883127
Norway,Mar,DK,5.262329997
Norway,Apr,DK,6.870300223
Norway,May,DK,-0.224768559
Norway,Jun,DK,6.240830792
Norway,Jul,DK,6.003704682
Norway,Aug,DK,9.434991638
Norway,Sep,DK,8.81422329
Norway,Oct,DK,6.004772117
Norway,Nov,DK,-0.846055629
Norway,Dec,DK,8.017318071
Norway,Jan,FI,0
Norway,Feb,FI,0
Norway,Mar,FI,0
Norway,Apr,FI,0
Norway,May,FI,0
Norway,Jun,FI,0
Norway,Jul,FI,0
Norway,Aug,FI,0
Norway,Sep,FI,0
Norway,Oct,FI,0
Norway,Nov,FI,0
Norway,Dec,FI,0
Norway,Jan,NL,4.211507769
Norway,Feb,NL,2.272920808
Norway,Mar,NL,2.200604272
Norway,Apr,NL,2.62640575
Norway,May,NL,-0.697682935
Norway,Jun,NL,3.077383055
Norway,Jul,NL,2.067841015
Norway,Aug,NL,3.545340276
Norway,Sep,NL,3.570325545
Norway,Oct,NL,2.629672993
Norway,Nov,NL,-0.511058885
Norway,Dec,NL,3.162087118
Norway,Jan,RU,0
Norway,Feb,RU,0
Norway,Mar,RU,0
Norway,Apr,RU,0
Norway,May,RU,0
Norway,Jun,RU,0
Norway,Jul,RU,0
Norway,Aug,RU,0
Norway,Sep,RU,0
Norway,Oct,RU,0
Norway,Nov,RU,0
Norway,Dec,RU,0
Norway,Jan,SE,-18.34538731
Norway,Feb,SE,-27.0247045
Norway,Mar,SE,-13.3456895
Norway,Apr,SE,16.52916756
Norway,May,SE,10.28209391
Norway,Jun,SE,18.56660342
Norway,Jul,SE,17.56252056
Norway,Aug,SE,22.98284977
Norway,Sep,SE,12.36203225
Norway,Oct,SE,-18.01483357
Norway,Nov,SE,-26.8083815
Norway,Dec,SE,-28.33843881
Norway,Jan,UK,-3.031531432
Norway,Feb,UK,-4.659217745
Norway,Mar,UK,-2.872409995
Norway,Apr,UK,2.549344984
Norway,May,UK,-5.353920204
Norway,Jun,UK,6.98889878
Norway,Jul,UK,0.896628387
Norway,Aug,UK,-0.918172891
Norway,Sep,UK,0.167501887
Norway,Oct,UK,0.510881088
Norway,Nov,UK,-5.646106379
Norway,Dec,UK,-2.457948867
Palestine,Jan,IL,-40.56474622
Palestine,Feb,IL,-36.42474737
Palestine,Mar,IL,-32.92693763
Palestine,Apr,IL,-26.51402856
Palestine,May,IL,-25.46434825
Palestine,Jun,IL,-29.66959685
Palestine,Jul,IL,-33.00040878
Palestine,Aug,IL,-31.42164444
Palestine,Sep,IL,-27.69679454
Palestine,Oct,IL,-26.80367401
Palestine,Nov,IL,-27.4208156
Palestine,Dec,IL,-33.87287432
Poland,Jan,CZ,5.000410426
Poland,Feb,CZ,4.831025655
Poland,Mar,CZ,1.420067282
Poland,Apr,CZ,-1.558434698
Poland,May,CZ,5.359324915
Poland,Jun,CZ,4.720959598
Poland,Jul,CZ,-0.524162606
Poland,Aug,CZ,-0.809243925
Poland,Sep,CZ,2.064287185
Poland,Oct,CZ,2.363463988
Poland,Nov,CZ,6.409766385
Poland,Dec,CZ,0.873877486
Poland,Jan,DE,3.22412605
Poland,Feb,DE,1.478976043
Poland,Mar,DE,-8.670801927
Poland,Apr,DE,-14.95061028
Poland,May,DE,-23.26335637
Poland,Jun,DE,-21.1299411
Poland,Jul,DE,-27.11774554
Poland,Aug,DE,-20.86930511
Poland,Sep,DE,-14.44432018
Poland,Oct,DE,-6.93044497
Poland,Nov,DE,-8.785815376
Poland,Dec,DE,-9.696976442
Poland,Jan,DK,0
Poland,Feb,DK,0
Poland,Mar,DK,0
Poland,Apr,DK,0
Poland,May,DK,0
Poland,Jun,DK,0
Poland,Jul,DK,0
Poland,Aug,DK,0
Poland,Sep,DK,0
Poland,Oct,DK,0
Poland,Nov,DK,0
Poland,Dec,DK,0
Poland,Jan,LT,-10.14890782
Poland,Feb,LT,-9.517328182
Poland,Mar,LT,-8.561820416
Poland,Apr,LT,-8.768345718
Poland,May,LT,-9.919874843
Poland,Jun,LT,-9.767941959
Poland,Jul,LT,-9.964432463
Poland,Aug,LT,-10.54584631
Poland,Sep,LT,-10.39692592
Poland,Oct,LT,-9.79533235
Poland,Nov,LT,-9.844550641
Poland,Dec,LT,-10.61585405
Poland,Jan,SE,-8.930134386
Poland,Feb,SE,-6.432781075
Poland,Mar,SE,-7.719332848
Poland,Apr,SE,-6.618484019
Poland,May,SE,-7.350305089
Poland,Jun,SE,-7.634016851
Poland,Jul,SE,-8.693195314
Poland,Aug,SE,-8.804643068
Poland,Sep,SE,-8.35508467
Poland,Oct,SE,-7.542893237
Poland,Nov,SE,-6.568692603
Poland,Dec,SE,-8.366821704
Poland,Jan,SK,-3.386820668
Poland,Feb,SK,-3.11483051
Poland,Mar,SK,-2.640843701
Poland,Apr,SK,-0.384807893
Poland,May,SK,4.119449078
Poland,Jun,SK,3.96860863
Poland,Jul,SK,1.146609748
Poland,Aug,SK,1.378942547
Poland,Sep,SK,2.301617584
Poland,Oct,SK,-2.098155521
Poland,Nov,SK,2.302112652
Poland,Dec,SK,-5.822947908
Poland,Jan,UA,-0.298564951
Poland,Feb,UA,0.226258689
Poland,Mar,UA,-2.731244576
Poland,Apr,UA,-0.947031138
Poland,May,UA,1.748813809
Poland,Jun,UA,2.556893055
Poland,Jul,UA,1.647943639
Poland,Aug,UA,2.830369414
Poland,Sep,UA,2.056589789
Poland,Oct,UA,-2.068469903
Poland,Nov,UA,1.305725918
Poland,Dec,UA,-3.894702959
Portugal,Jan,ES,28.5261441
Portugal,Feb,ES,41.21106991
Portugal,Mar,ES,18.36274078
Portugal,Apr,ES,12.84195556
Portugal,May,ES,18.94504314
Portugal,Jun,ES,18.95192149
Portugal,Jul,ES,14.68868513
Portugal,Aug,ES,12.63924728
Portugal,Sep,ES,-5.874518915
Portugal,Oct,ES,1.480517281
Portugal,Nov,ES,9.336818485
Portugal,Dec,ES,45.54019246
Romania,Jan,BG,11.2639724
Romania,Feb,BG,10.44936044
Romania,Mar,BG,16.32817974
Romania,Apr,BG,19.83152451
Romania,May,BG,18.55014385
Romania,Jun,BG,12.89088205
Romania,Jul,BG,9.497350384
Romania,Aug,BG,4.599402659
Romania,Sep,BG,11.72649983
Romania,Oct,BG,10.43498943
Romania,Nov,BG,13.72740794
Romania,Dec,BG,12.91124053
Romania,Jan,HU,16.99611625
Romania,Feb,HU,13.13402626
Romania,Mar,HU,4.990014166
Romania,Apr,HU,-3.05413545
Romania,May,HU,0.067575418
Romania,Jun,HU,2.350850999
Romania,Jul,HU,3.987563122
Romania,Aug,HU,2.159336147
Romania,Sep,HU,0.966180659
Romania,Oct,HU,7.868930663
Romania,Nov,HU,9.103733467
Romania,Dec,HU,11.79836252
Romania,Jan,MD,9.226146006
Romania,Feb,MD,8.855909491
Romania,Mar,MD,2.800480978
Romania,Apr,MD,3.234301064
Romania,May,MD,2.21921307
Romania,Jun,MD,4.931720626
Romania,Jul,MD,8.231940097
Romania,Aug,MD,7.726899601
Romania,Sep,MD,5.396434619
Romania,Oct,MD,2.884396858
Romania,Nov,MD,3.356903452
Romania,Dec,MD,6.678081223
Romania,Jan,RS,19.497338
Romania,Feb,RS,6.333124405
Romania,Mar,RS,7.565240043
Romania,Apr,RS,4.849698989
Romania,May,RS,4.496431131
Romania,Jun,RS,4.543536486
Romania,Jul,RS,7.511389481
Romania,Aug,RS,5.798554144
Romania,Sep,RS,9.555848111
Romania,Oct,RS,12.93530144
Romania,Nov,RS,12.56149422
Romania,Dec,RS,14.54242462
Romania,Jan,UA,7.288436056
Romania,Feb,UA,6.627291311
Romania,Mar,UA,-2.613663286
Romania,Apr,UA,-2.62511709
Romania,May,UA,-3.049345345
Romania,Jun,UA,0.562077898
Romania,Jul,UA,5.851062319
Romania,Aug,UA,5.04474738
Romania,Sep,UA,1.533336787
Romania,Oct,UA,-2.487835245
Romania,Nov,UA,-1.378252782
Romania,Dec,UA,4.022219469
Saudi Arabia,Jan,EG,-9.52
Saudi Arabia,Feb,EG,-9.52
Saudi Arabia,Mar,EG,-9.52
Saudi Arabia,Apr,EG,-9.52
Saudi Arabia,May,EG,-9.52
Saudi Arabia,Jun,EG,-9.52
Saudi Arabia,Jul,EG,-9.52
Saudi Arabia,Aug,EG,-9.52
Saudi Arabia,Sep,EG,-9.52
Saudi Arabia,Oct,EG,-9.52
Saudi Arabia,Nov,EG,-9.52
Saudi Arabia,Dec,EG,-9.53
Serbia,Jan,BA,3.56
Serbia,Feb,BA,2.57
Serbia,Mar,BA,2.54
Serbia,Apr,BA,2.97
Serbia,May,BA,1.09
Serbia,Jun,BA,2.01
Serbia,Jul,BA,3.57
Serbia,Aug,BA,2.75
Serbia,Sep,BA,2.68
Serbia,Oct,BA,4.39
Serbia,Nov,BA,5.17
Serbia,Dec,BA,2.78
Serbia,Jan,BG,-2.382246623
Serbia,Feb,BG,0.40240676
Serbia,Mar,BG,1.221368825
Serbia,Apr,BG,2.600522319
Serbia,May,BG,2.289049628
Serbia,Jun,BG,1.184512315
Serbia,Jul,BG,0.205533988
Serbia,Aug,BG,-0.469441687
Serbia,Sep,BG,0.48815641
Serbia,Oct,BG,-0.829045361
Serbia,Nov,BG,-0.271767657
Serbia,Dec,BG,-1.341051169
Serbia,Jan,HR,2.28
Serbia,Feb,HR,2.24
Serbia,Mar,HR,1.28
Serbia,Apr,HR,0.07
Serbia,May,HR,0.09
Serbia,Jun,HR,0.45
Serbia,Jul,HR,0.7
Serbia,Aug,HR,0.23
Serbia,Sep,HR,0.26
Serbia,Oct,HR,1.52
Serbia,Nov,HR,1.88
Serbia,Dec,HR,0.9
Serbia,Jan,HU,7.047679899
Serbia,Feb,HU,6.090954878
Serbia,Mar,HU,0.984913133
Serbia,Apr,HU,-2.25186723
Serbia,May,HU,-1.024150726
Serbia,Jun,HU,-0.019131566
Serbia,Jul,HU,-0.227848372
Serbia,Aug,HU,-1.04071887
Serbia,Sep,HU,-1.065454448
Serbia,Oct,HU,1.156184958
Serbia,Nov,HU,1.993841725
Serbia,Dec,HU,3.761447796
Serbia,Jan,ME,-3.95022111
Serbia,Feb,ME,-1.858203172
Serbia,Mar,ME,1.034339067
Serbia,Apr,ME,1.842322378
Serbia,May,ME,-1.132241654
Serbia,Jun,ME,-1.088830458
Serbia,Jul,ME,0.489042071
Serbia,Aug,ME,-1.337040435
Serbia,Sep,ME,-0.036394464
Serbia,Oct,ME,-0.138864614
Serbia,Nov,ME,-0.38329561
Serbia,Dec,ME,-2.374938716
Serbia,Jan,MK,-3.892024311
Serbia,Feb,MK,-0.951758387
Serbia,Mar,MK,1.212734661
Serbia,Apr,MK,2.778495668
Serbia,May,MK,1.470246767
Serbia,Jun,MK,-0.223723796
Serbia,Jul,MK,0.057239435
Serbia,Aug,MK,-1.759161027
Serbia,Sep,MK,-0.101471154
Serbia,Oct,MK,-1.518679074
Serbia,Nov,MK,-0.763416977
Serbia,Dec,MK,-2.090783392
Serbia,Jan,RO,-20.06726019
Serbia,Feb,RO,-6.518246503
Serbia,Mar,RO,-7.786377829
Serbia,Apr,RO,-4.991459421
Serbia,May,RO,-4.627865272
Serbia,Jun,RO,-4.676347552
Serbia,Jul,RO,-7.730953173
Serbia,Aug,RO,-5.968050342
Serbia,Sep,RO,-9.835172902
Serbia,Oct,RO,-13.31341026
Serbia,Nov,RO,-12.92867636
Serbia,Dec,RO,-14.96751088
Serbia,Jan,XK,-3.108159854
Serbia,Feb,XK,-2.237371004
Serbia,Mar,XK,-0.360492969
Serbia,Apr,XK,0.487300932
Serbia,May,XK,-0.800472122
Serbia,Jun,XK,-1.779461286
Serbia,Jul,XK,-0.997606042
Serbia,Aug,XK,-2.147299289
Serbia,Sep,XK,-1.033995979
Serbia,Oct,XK,-1.915955316
Serbia,Nov,XK,-1.835824981
Serbia,Dec,XK,-2.071131039
Slovakia,Jan,AT,0
Slovakia,Feb,AT,0
Slovakia,Mar,AT,0
Slovakia,Apr,AT,0
Slovakia,May,AT,0
Slovakia,Jun,AT,0
Slovakia,Jul,AT,0
Slovakia,Aug,AT,0
Slovakia,Sep,AT,0
Slovakia,Oct,AT,0
Slovakia,Nov,AT,0
Slovakia,Dec,AT,0
Slovakia,Jan,CZ,13.79448614
Slovakia,Feb,CZ,11.84526252
Slovakia,Mar,CZ,1.671103653
Slovakia,Apr,CZ,-11.23236131
Slovakia,May,CZ,-4.938679296
Slovakia,Jun,CZ,-7.418119523
Slovakia,Jul,CZ,-14.65921616
Slovakia,Aug,CZ,-13.8865198
Slovakia,Sep,CZ,-12.05303583
Slovakia,Oct,CZ,4.37112388
Slovakia,Nov,CZ,3.372512391
Slovakia,Dec,CZ,10.40463085
Slovakia,Jan,HU,-3.291969064
Slovakia,Feb,HU,3.778216701
Slovakia,Mar,HU,14.44802149
Slovakia,Apr,HU,26.79746605
Slovakia,May,HU,13.46228304
Slovakia,Jun,HU,6.504756434
Slovakia,Jul,HU,14.52065945
Slovakia,Aug,HU,26.11744179
Slovakia,Sep,HU,29.23276076
Slovakia,Oct,HU,11.42708627
Slovakia,Nov,HU,17.31602285
Slovakia,Dec,HU,5.408845285
Slovakia,Jan,PL,4.473463607
Slovakia,Feb,PL,4.114206889
Slovakia,Mar,PL,3.488143998
Slovakia,Apr,PL,0.508271407
Slovakia,May,PL,-5.441151846
Slovakia,Jun,PL,-5.241915062
Slovakia,Jul,PL,-1.514493231
Slovakia,Aug,PL,-1.821368742
Slovakia,Sep,PL,-3.040079032
Slovakia,Oct,PL,2.771337275
Slovakia,Nov,PL,-3.04073294
Slovakia,Dec,PL,7.691208983
Slovakia,Jan,UA,-0.490758732
Slovakia,Feb,UA,1.469712102
Slovakia,Mar,UA,-1.441989181
Slovakia,Apr,UA,0.697063352
Slovakia,May,UA,-1.416992686
Slovakia,Jun,UA,0.246963994
Slovakia,Jul,UA,3.223882609
Slovakia,Aug,UA,4.709754987
Slovakia,Sep,UA,3.599087721
Slovakia,Oct,UA,-2.22356182
Slovakia,Nov,UA,-2.809834115
Slovakia,Dec,UA,-1.421363246
Slovenia,Jan,AT,8.48
Slovenia,Feb,AT,7.06
Slovenia,Mar,AT,-9.22
Slovenia,Apr,AT,-14.4
Slovenia,May,AT,-18.35
Slovenia,Jun,AT,-15.61
Slovenia,Jul,AT,-16.13
Slovenia,Aug,AT,-16.35
Slovenia,Sep,AT,-13.26
Slovenia,Oct,AT,-5.07
Slovenia,Nov,AT,-5.27
Slovenia,Dec,AT,2.58
Slovenia,Jan,HR,-21.2
Slovenia,Feb,HR,-19.12
Slovenia,Mar,HR,-0.88
Slovenia,Apr,HR,13.18
Slovenia,May,HR,18.19
Slovenia,Jun,HR,14.07
Slovenia,Jul,HR,10.51
Slovenia,Aug,HR,7.22
Slovenia,Sep,HR,7.47
Slovenia,Oct,HR,-3.2
Slovenia,Nov,HR,-6.03
Slovenia,Dec,HR,-11.57
Slovenia,Jan,HU,5.314563018
Slovenia,Feb,HU,2.538073086
Slovenia,Mar,HU,-1.040001097
Slovenia,Apr,HU,3.006980273
Slovenia,May,HU,12.49430581
Slovenia,Jun,HU,10.85658824
Slovenia,Jul,HU,5.453991345
Slovenia,Aug,HU,2.255066362
Slovenia,Sep,HU,2.346072478
Slovenia,Oct,HU,-3.207917599
Slovenia,Nov,HU,-1.995660091
Slovenia,Dec,HU,4.609873668
Slovenia,Jan,IT,-9.430030169
Slovenia,Feb,IT,-1.683078935
Slovenia,Mar,IT,1.771315643
Slovenia,Apr,IT,-3.229630208
Slovenia,May,IT,-15.03199997
Slovenia,Jun,IT,-12.60574835
Slovenia,Jul,IT,-9.820979747
Slovenia,Aug,IT,-10.73667155
Slovenia,Sep,IT,-5.39479839
Slovenia,Oct,IT,-2.006028238
Slovenia,Nov,IT,1.090938765
Slovenia,Dec,IT,-7.078655088
Spain,Jan,FR,40.71833609
Spain,Feb,FR,45.30788275
Spain,Mar,FR,37.36792071
Spain,Apr,FR,34.24624513
Spain,May,FR,15.50701199
Spain,Jun,FR,14.86036239
Spain,Jul,FR,7.958049518
Spain,Aug,FR,16.42450743
Spain,Sep,FR,14.2992567
Spain,Oct,FR,24.00526188
Spain,Nov,FR,17.32127745
Spain,Dec,FR,43.58001429
Spain,Jan,IT,0
Spain,Feb,IT,0
Spain,Mar,IT,0
Spain,Apr,IT,0
Spain,May,IT,0
Spain,Jun,IT,0
Spain,Jul,IT,0
Spain,Aug,IT,0
Spain,Sep,IT,0
Spain,Oct,IT,0
Spain,Nov,IT,0
Spain,Dec,IT,0
Spain,Jan,MA,6.688374125
Spain,Feb,MA,8.421794275
Spain,Mar,MA,8.652211328
Spain,Apr,MA,8.117713573
Spain,May,MA,8.800616017
Spain,Jun,MA,8.774486812
Spain,Jul,MA,8.458335463
Spain,Aug,MA,8.637807609
Spain,Sep,MA,7.962023969
Spain,Oct,MA,8.531683195
Spain,Nov,MA,8.899582811
Spain,Dec,MA,8.840022253
Spain,Jan,PT,-11.86235695
Spain,Feb,PT,-17.13727659
Spain,Mar,PT,-7.635991217
Spain,Apr,PT,-5.340219142
Spain,May,PT,-7.878136751
Spain,Jun,PT,-7.880997057
Spain,Jul,PT,-6.108166094
Spain,Aug,PT,-5.255924611
Spain,Sep,PT,2.442869252
Spain,Oct,PT,-0.615660652
Spain,Nov,PT,-3.88263739
Spain,Dec,PT,-18.93750578
Sweden,Jan,DE,10.02351129
Sweden,Feb,DE,7.578842418
Sweden,Mar,DE,5.148296747
Sweden,Apr,DE,4.586096028
Sweden,May,DE,-2.108578639
Sweden,Jun,DE,3.132372478
Sweden,Jul,DE,2.888622427
Sweden,Aug,DE,5.269430694
Sweden,Sep,DE,6.071800722
Sweden,Oct,DE,7.220958376
Sweden,Nov,DE,3.193965071
Sweden,Dec,DE,9.632438368
Sweden,Jan,DK,9.759375459
Sweden,Feb,DK,6.210030511
Sweden,Mar,DK,3.732593517
Sweden,Apr,DK,2.474194596
Sweden,May,DK,-6.684597259
Sweden,Jun,DK,0.581872676
Sweden,Jul,DK,1.38130449
Sweden,Aug,DK,4.699845134
Sweden,Sep,DK,4.883116632
Sweden,Oct,DK,5.751921812
Sweden,Nov,DK,-0.203819334
Sweden,Dec,DK,11.45891763
Sweden,Jan,FI,-12.57002489
Sweden,Feb,FI,-10.32818939
Sweden,Mar,FI,-7.026635344
Sweden,Apr,FI,2.492739891
Sweden,May,FI,1.353308931
Sweden,Jun,FI,5.823702912
Sweden,Jul,FI,10.11490382
Sweden,Aug,FI,8.718044668
Sweden,Sep,FI,-2.376890869
Sweden,Oct,FI,-0.886114312
Sweden,Nov,FI,-3.098716667
Sweden,Dec,FI,-8.077025405
Sweden,Jan,LT,-0.461658531
Sweden,Feb,LT,-1.980546858
Sweden,Mar,LT,0.409803634
Sweden,Apr,LT,0.190452481
Sweden,May,LT,-1.291871238
Sweden,Jun,LT,0.242359562
Sweden,Jul,LT,2.562528358
Sweden,Aug,LT,1.492070636
Sweden,Sep,LT,-0.233941148
Sweden,Oct,LT,0.114207232
Sweden,Nov,LT,-2.389277976
Sweden,Dec,LT,-0.580979872
Sweden,Jan,LV,0
Sweden,Feb,LV,0
Sweden,Mar,LV,0
Sweden,Apr,LV,0
Sweden,May,LV,0
Sweden,Jun,LV,0
Sweden,Jul,LV,0
Sweden,Aug,LV,0
Sweden,Sep,LV,0
Sweden,Oct,LV,0
Sweden,Nov,LV,0
Sweden,Dec,LV,0
Sweden,Jan,NO,14.04095178
Sweden,Feb,NO,20.68381367
Sweden,Mar,NO,10.21434868
Sweden,Apr,NO,-12.65087735
Sweden,May,NO,-7.869574097
Sweden,Jun,NO,-14.21026327
Sweden,Jul,NO,-13.4417715
Sweden,Aug,NO,-17.59031194
Sweden,Sep,NO,-9.461490007
Sweden,Oct,NO,13.7879569
Sweden,Nov,NO,20.5182472
Sweden,Dec,NO,21.68930239
Sweden,Jan,PL,4.778464362
Sweden,Feb,PL,3.442144741
Sweden,Mar,PL,4.130571313
Sweden,Apr,PL,3.541513336
Sweden,May,PL,3.933106648
Sweden,Jun,PL,4.084919206
Sweden,Jul,PL,4.651679606
Sweden,Aug,PL,4.711314668
Sweden,Sep,PL,4.470758514
Sweden,Oct,PL,4.036159476
Sweden,Nov,PL,3.514870231
Sweden,Dec,PL,4.477038934
Switzerland,Jan,AT,5.34
Switzerland,Feb,AT,2.76
Switzerland,Mar,AT,-4.09
Switzerland,Apr,AT,-2.2
Switzerland,May,AT,-3.02
Switzerland,Jun,AT,-1.53
Switzerland,Jul,AT,-0.43
Switzerland,Aug,AT,0.17
Switzerland,Sep,AT,0.75
Switzerland,Oct,AT,1.57
Switzerland,Nov,AT,0.47
Switzerland,Dec,AT,2.01
Switzerland,Jan,DE,5.716618729
Switzerland,Feb,DE,5.689094928
Switzerland,Mar,DE,-12.53550745
Switzerland,Apr,DE,-9.171808651
Switzerland,May,DE,-18.23271585
Switzerland,Jun,DE,-13.52564796
Switzerland,Jul,DE,-11.15393189
Switzerland,Aug,DE,-9.207135145
Switzerland,Sep,DE,-13.67128959
Switzerland,Oct,DE,-6.851857516
Switzerland,Nov,DE,-12.93542618
Switzerland,Dec,DE,0.499438575
Switzerland,Jan,FR,-18.26048314
Switzerland,Feb,FR,-21.72372723
Switzerland,Mar,FR,-22.76539632
Switzerland,Apr,FR,-17.85941594
Switzerland,May,FR,-23.52690066
Switzerland,Jun,FR,-13.36208206
Switzerland,Jul,FR,-14.29428485
Switzerland,Aug,FR,-13.43225337
Switzerland,Sep,FR,-25.4648462
Switzerland,Oct,FR,-25.82586752
Switzerland,Nov,FR,-31.39909986
Switzerland,Dec,FR,-24.84826199
Switzerland,Jan,IT,-3.734772428
Switzerland,Feb,IT,-5.31414287
Switzerland,Mar,IT,21.58075254
Switzerland,Apr,IT,29.20375082
Switzerland,May,IT,36.4208088
Switzerland,Jun,IT,37.18601839
Switzerland,Jul,IT,39.54769186
Switzerland,Aug,IT,38.47983106
Switzerland,Sep,IT,35.26181296
Switzerland,Oct,IT,22.22802648
Switzerland,Nov,IT,20.69357572
Switzerland,Dec,IT,-1.419369735
Tunisia,Jan,DZ,-12.07380512
Tunisia,Feb,DZ,-7.256765432
Tunisia,Mar,DZ,-5.039756073
Tunisia,Apr,DZ,-8.50670072
Tunisia,May,DZ,-11.53939407
Tunisia,Jun,DZ,-13.15589249
Tunisia,Jul,DZ,-8.129900339
Tunisia,Aug,DZ,-16.11218499
Tunisia,Sep,DZ,-15.10808117
Tunisia,Oct,DZ,-10.29947501
Tunisia,Nov,DZ,-8.355294136
Tunisia,Dec,DZ,-5.596976665
Tunisia,Jan,IT,-26.89989461
Tunisia,Feb,IT,-31.87284347
Tunisia,Mar,IT,-35.78189914
Tunisia,Apr,IT,-30.58795844
Tunisia,May,IT,-37.78589954
Tunisia,Jun,IT,-40.51635576
Tunisia,Jul,IT,-43.58852489
Tunisia,Aug,IT,-43.03073317
Tunisia,Sep,IT,-42.16285628
Tunisia,Oct,IT,-28.10744484
Tunisia,Nov,IT,-27.79708035
Tunisia,Dec,IT,-29.93764828
Tunisia,Jan,LY,35.13327228
Tunisia,Feb,LY,34.94281415
Tunisia,Mar,LY,35.75849194
Tunisia,Apr,LY,34.64505772
Tunisia,May,LY,34.6287956
Tunisia,Jun,LY,31.81534465
Tunisia,Jul,LY,24.03031442
Tunisia,Aug,LY,31.14100647
Tunisia,Sep,LY,27.65162593
Tunisia,Oct,LY,34.40403146
Tunisia,Nov,LY,35.91844414
Tunisia,Dec,LY,36.08401587
Tunisia,Jan,MT,0
Tunisia,Feb,MT,0
Tunisia,Mar,MT,0
Tunisia,Apr,MT,0
Tunisia,May,MT,0
Tunisia,Jun,MT,0
Tunisia,Jul,MT,0
Tunisia,Aug,MT,0
Tunisia,Sep,MT,0
Tunisia,Oct,MT,0
Tunisia,Nov,MT,0
Tunisia,Dec,MT,0
Turkiye,Jan,BG,-56.51335932
Turkiye,Feb,BG,-57.21799422
Turkiye,Mar,BG,-55.32948546
Turkiye,Apr,BG,-53.90552956
Turkiye,May,BG,-57.69230769
Turkiye,Jun,BG,-57.45904639
Turkiye,Jul,BG,-57.69230769
Turkiye,Aug,BG,-57.69230769
Turkiye,Sep,BG,-57.69230769
Turkiye,Oct,BG,-57.64250009
Turkiye,Nov,BG,-56.57132007
Turkiye,Dec,BG,-56.24390954
Turkiye,Jan,GR,-42.13
Turkiye,Feb,GR,-42.24
Turkiye,Mar,GR,-40.13
Turkiye,Apr,GR,-38.71
Turkiye,May,GR,-42.31
Turkiye,Jun,GR,-42
Turkiye,Jul,GR,-42.31
Turkiye,Aug,GR,-42.31
Turkiye,Sep,GR,-42.31
Turkiye,Oct,GR,-42.31
Turkiye,Nov,GR,-41.57
Turkiye,Dec,GR,-41.99
Ukraine,Jan,HU,-0.841776164
Ukraine,Feb,HU,-4.009490215
Ukraine,Mar,HU,9.964311461
Ukraine,Apr,HU,6.323544529
Ukraine,May,HU,8.743929334
Ukraine,Jun,HU,0.921139815
Ukraine,Jul,HU,-8.456678519
Ukraine,Aug,HU,-8.759459107
Ukraine,Sep,HU,-2.022773653
Ukraine,Oct,HU,12.71687068
Ukraine,Nov,HU,17.18800766
Ukraine,Dec,HU,6.786179121
Ukraine,Jan,MD,-6.699444539
Ukraine,Feb,MD,-4.767979753
Ukraine,Mar,MD,7.9748739
Ukraine,Apr,MD,8.652420623
Ukraine,May,MD,9.792901474
Ukraine,Jun,MD,5.358835859
Ukraine,Jul,MD,-2.364894632
Ukraine,Aug,MD,-0.456828894
Ukraine,Sep,MD,3.806093939
Ukraine,Oct,MD,9.437486111
Ukraine,Nov,MD,8.268332492
Ukraine,Dec,MD,-0.94517204
Ukraine,Jan,PL,0.577316046
Ukraine,Feb,PL,-0.437502029
Ukraine,Mar,PL,5.28123383
Ukraine,Apr,PL,1.831213847
Ukraine,May,PL,-3.381569974
Ukraine,Jun,PL,-4.944101389
Ukraine,Jul,PL,-3.186523746
Ukraine,Aug,PL,-5.472905222
Ukraine,Sep,PL,-3.976696801
Ukraine,Oct,PL,3.999668622
Ukraine,Nov,PL,-2.524799116
Ukraine,Dec,PL,7.530939268
Ukraine,Jan,RO,-16.25321241
Ukraine,Feb,RO,-14.77885962
Ukraine,Mar,RO,5.828469127
Ukraine,Apr,RO,5.854011111
Ukraine,May,RO,6.800040119
Ukraine,Jun,RO,-1.253433712
Ukraine,Jul,RO,-13.04786897
Ukraine,Aug,RO,-11.24978666
Ukraine,Sep,RO,-3.419341035
Ukraine,Oct,RO,5.547872597
Ukraine,Nov,RO,3.073503704
Ukraine,Dec,RO,-8.969549416
Ukraine,Jan,RU,0
Ukraine,Feb,RU,0
Ukraine,Mar,RU,0
Ukraine,Apr,RU,0
Ukraine,May,RU,0
Ukraine,Jun,RU,0
Ukraine,Jul,RU,0
Ukraine,Aug,RU,0
Ukraine,Sep,RU,0
Ukraine,Oct,RU,0
Ukraine,Nov,RU,0
Ukraine,Dec,RU,0
Ukraine,Jan,SK,0.718441041
Ukraine,Feb,SK,-2.151569444
Ukraine,Mar,SK,2.110984767
Ukraine,Apr,SK,-1.020458502
Ukraine,May,SK,2.074391414
Ukraine,Jun,SK,-0.36154032
Ukraine,Jul,SK,-4.719568752
Ukraine,Aug,SK,-6.894795862
Ukraine,Sep,SK,-5.268846296
Ukraine,Oct,SK,3.255159743
Ukraine,Nov,SK,4.113426852
Ukraine,Dec,SK,2.080789649
United Kingdom,Jan,BE,5.14394657
United Kingdom,Feb,BE,3.856224347
United Kingdom,Mar,BE,3.962380951
United Kingdom,Apr,BE,2.706600694
United Kingdom,May,BE,3.904546961
United Kingdom,Jun,BE,1.898478356
United Kingdom,Jul,BE,3.023136701
United Kingdom,Aug,BE,3.593379913
United Kingdom,Sep,BE,3.9005226
United Kingdom,Oct,BE,3.832775045
United Kingdom,Nov,BE,4.186298202
United Kingdom,Dec,BE,3.276876472
United Kingdom,Jan,DE,7.057604124
United Kingdom,Feb,DE,5.622125165
United Kingdom,Mar,DE,5.075135103
United Kingdom,Apr,DE,2.40578189
United Kingdom,May,DE,3.200434356
United Kingdom,Jun,DE,-0.21101061
United Kingdom,Jul,DE,2.373062649
United Kingdom,Aug,DE,2.991072237
United Kingdom,Sep,DE,5.772050586
United Kingdom,Oct,DE,4.566050971
United Kingdom,Nov,DE,5.351219205
United Kingdom,Dec,DE,5.287890604
United Kingdom,Jan,DK,5.098968121
United Kingdom,Feb,DK,4.864056663
United Kingdom,Mar,DK,3.474776135
United Kingdom,Apr,DK,1.070803272
United Kingdom,May,DK,2.588878256
United Kingdom,Jun,DK,-1.250948704
United Kingdom,Jul,DK,1.287925411
United Kingdom,Aug,DK,1.630898141
United Kingdom,Sep,DK,3.476792184
United Kingdom,Oct,DK,2.272265001
United Kingdom,Nov,DK,4.144418202
United Kingdom,Dec,DK,3.921934724
United Kingdom,Jan,FR,20.00039352
United Kingdom,Feb,FR,9.354206283
United Kingdom,Mar,FR,16.00906709
United Kingdom,Apr,FR,4.597888519
United Kingdom,May,FR,16.82990497
United Kingdom,Jun,FR,-2.757192677
United Kingdom,Jul,FR,12.53061986
United Kingdom,Aug,FR,13.17365186
United Kingdom,Sep,FR,17.3630851
United Kingdom,Oct,FR,13.15295491
United Kingdom,Nov,FR,16.29354758
United Kingdom,Dec,FR,10.59997553
United Kingdom,Jan,IE,-3.238057785
United Kingdom,Feb,IE,-4.357362574
United Kingdom,Mar,IE,-3.066466622
United Kingdom,Apr,IE,-4.754987608
United Kingdom,May,IE,-2.140604988
United Kingdom,Jun,IE,-2.207614298
United Kingdom,Jul,IE,-1.139751366
United Kingdom,Aug,IE,-3.298805093
United Kingdom,Sep,IE,-0.550577554
United Kingdom,Oct,IE,0.626665226
United Kingdom,Nov,IE,-3.141771512
United Kingdom,Dec,IE,-3.415374061
United Kingdom,Jan,NL,7.118508874
United Kingdom,Feb,NL,6.034174512
United Kingdom,Mar,NL,4.417394848
United Kingdom,Apr,NL,2.743889668
United Kingdom,May,NL,2.364735021
United Kingdom,Jun,NL,0.151587855
United Kingdom,Jul,NL,1.461164083
United Kingdom,Aug,NL,3.58137276
United Kingdom,Sep,NL,5.052020532
United Kingdom,Oct,NL,4.805798462
United Kingdom,Nov,NL,6.180632276
United Kingdom,Dec,NL,4.111803925
United Kingdom,Jan,NO,1.537154855
United Kingdom,Feb,NO,2.362482242
United Kingdom,Mar,NO,1.456471446
United Kingdom,Apr,NO,-1.292659537
United Kingdom,May,NO,2.714734984
United Kingdom,Jun,NO,-3.543759954
United Kingdom,Jul,NO,-0.454640405
United Kingdom,Aug,NO,0.465564665
United Kingdom,Sep,NO,-0.084932762
United Kingdom,Oct,NO,-0.259045094
United Kingdom,Nov,NO,2.862889606
United Kingdom,Dec,NO,1.246316628
United Kingdom,Jan,NW,2.987222796
United Kingdom,Feb,NW,2.220205258
United Kingdom,Mar,NW,1.640902203
United Kingdom,Apr,NW,1.30511088
United Kingdom,May,NW,1.522862552
United Kingdom,Jun,NW,0.595586011
United Kingdom,Jul,NW,1.296787873
United Kingdom,Aug,NW,1.890376643
United Kingdom,Sep,NW,2.420273086
United Kingdom,Oct,NW,1.812521259
United Kingdom,Nov,NW,0.774174113
United Kingdom,Dec,NW,0.814617293
