Country,Hour,RES-E,NET-P
Austria,1,15.43,8.98
Austria,2,15.31,8.91
Austria,3,14.91,7.81
Austria,4,14.73,6.43
Austria,5,14.61,6.36
Austria,6,15.6,5.68
Austria,7,19.11,5.03
Austria,8,25.44,3.32
Austria,9,32.1,2.04
Austria,10,36.97,1.83
Austria,11,40.19,3.32
Austria,12,41.07,4.27
Austria,13,39.65,4.4
Austria,14,35.55,4.95
Austria,15,28.98,5.91
Austria,16,21.47,7.38
Austria,17,15.27,9.57
Austria,18,12.02,12.2
Austria,19,11.47,14.13
Austria,20,12.32,15.09
Austria,21,13.32,14.31
Austria,22,14.11,13.14
Austria,23,14.69,11.49
Austria,24,15.19,10.12
Belgium,1,20.24,-16.12
Belgium,2,20.42,-15.82
Belgium,3,20.29,-16.02
Belgium,4,20.15,-16.49
Belgium,5,20.32,-17.22
Belgium,6,21.43,-16.61
Belgium,7,24.58,-15.6
Belgium,8,29.77,-13.55
Belgium,9,35.38,-10.39
Belgium,10,39.98,-7.88
Belgium,11,42.49,-5.45
Belgium,12,43.48,-3.46
Belgium,13,43.14,-3.2
Belgium,14,41.1,-4.31
Belgium,15,37.39,-6.94
Belgium,16,32.05,-11.39
Belgium,17,26.47,-15.78
Belgium,18,21.93,-17.17
Belgium,19,19.56,-17.36
Belgium,20,18.77,-17.47
Belgium,21,19.44,-17.38
Belgium,22,20.01,-17.54
Belgium,23,20.43,-17.18
Belgium,24,20.48,-16.76
Bulgaria,1,5.02,1.56
Bulgaria,2,5.13,1.71
Bulgaria,3,5.26,0.78
Bulgaria,4,6.02,-0.89
Bulgaria,5,9.39,0.44
Bulgaria,6,16.07,4.99
Bulgaria,7,24.18,11.27
Bulgaria,8,30.94,16.5
Bulgaria,9,34.92,19.14
Bulgaria,10,36.74,20.87
Bulgaria,11,36.69,20.12
Bulgaria,12,35.37,18.55
Bulgaria,13,32.59,14.96
Bulgaria,14,27.34,9.15
Bulgaria,15,18.99,1.71
Bulgaria,16,10.7,-4.05
Bulgaria,17,5.62,-6.3
Bulgaria,18,3.81,-6.13
Bulgaria,19,3.61,-6.0
Bulgaria,20,3.7,-7.0
Bulgaria,21,3.93,-7.59
Bulgaria,22,4.25,-5.7
Bulgaria,23,4.53,-2.22
Bulgaria,24,4.81,0.23
Croatia,1,20.72,-19.56
Croatia,2,20.63,-17.68
Croatia,3,20.45,-17.15
Croatia,4,20.56,-16.95
Croatia,5,20.43,-18.35
Croatia,6,21.33,-21.22
Croatia,7,23.86,-24.08
Croatia,8,27.82,-28.15
Croatia,9,31.16,-31.17
Croatia,10,33.53,-33.55
Croatia,11,34.4,-34.29
Croatia,12,34.09,-33.64
Croatia,13,33.47,-31.91
Croatia,14,31.66,-29.63
Croatia,15,27.74,-26.01
Croatia,16,22.37,-23.09
Croatia,17,17.57,-22.59
Croatia,18,15.51,-23.97
Croatia,19,15.06,-25.04
Croatia,20,15.37,-24.05
Croatia,21,16.43,-25.14
Croatia,22,18.1,-24.16
Croatia,23,19.49,-23.53
Croatia,24,20.3,-22.21
Cyprus,1,5.57,0.0
Cyprus,2,5.86,0.0
Cyprus,3,5.87,0.0
Cyprus,4,5.66,0.0
Cyprus,5,5.31,0.0
Cyprus,6,4.82,0.0
Cyprus,7,5.33,0.0
Cyprus,8,14.33,0.0
Cyprus,9,31.42,0.0
Cyprus,10,43.28,0.0
Cyprus,11,48.2,0.0
Cyprus,12,50.23,0.0
Cyprus,13,50.44,0.0
Cyprus,14,49.3,0.0
Cyprus,15,46.07,0.0
Cyprus,16,39.45,0.0
Cyprus,17,29.08,0.0
Cyprus,18,17.97,0.0
Cyprus,19,8.73,0.0
Cyprus,20,4.22,0.0
Cyprus,21,3.61,0.0
Cyprus,22,4.15,0.0
Cyprus,23,4.66,0.0
Cyprus,24,5.16,0.0
Czechia,1,1.24,18.9
Czechia,2,1.23,19.1
Czechia,3,1.39,18.14
Czechia,4,1.54,17.72
Czechia,5,2.15,14.86
Czechia,6,4.05,11.47
Czechia,7,7.47,9.13
Czechia,8,11.44,6.53
Czechia,9,15.13,3.6
Czechia,10,17.66,0.74
Czechia,11,18.9,-0.68
Czechia,12,18.77,-1.3
Czechia,13,17.49,-0.49
Czechia,14,14.89,1.7
Czechia,15,11.1,5.6
Czechia,16,6.97,9.04
Czechia,17,3.58,12.29
Czechia,18,1.89,14.03
Czechia,19,1.38,15.67
Czechia,20,1.24,17.25
Czechia,21,1.14,18.95
Czechia,22,1.19,20.11
Czechia,23,1.23,21.28
Czechia,24,1.25,19.9
Denmark,1,61.25,-13.52
Denmark,2,61.15,-13.8
Denmark,3,61.13,-13.68
Denmark,4,61.16,-13.07
Denmark,5,60.97,-13.68
Denmark,6,61.75,-14.88
Denmark,7,63.84,-14.34
Denmark,8,66.56,-12.03
Denmark,9,69.61,-10.61
Denmark,10,71.89,-10.07
Denmark,11,73.27,-9.43
Denmark,12,73.77,-9.89
Denmark,13,73.43,-9.83
Denmark,14,72.15,-8.25
Denmark,15,69.73,-7.63
Denmark,16,66.1,-9.54
Denmark,17,62.23,-12.64
Denmark,18,59.18,-13.99
Denmark,19,57.4,-12.67
Denmark,20,57.38,-11.74
Denmark,21,58.47,-10.78
Denmark,22,59.78,-8.61
Denmark,23,60.72,-9.84
Denmark,24,61.27,-12.63
Estonia,1,30.73,-41.69
Estonia,2,30.44,-41.09
Estonia,3,31.15,-41.15
Estonia,4,33.23,-41.62
Estonia,5,37.14,-41.44
Estonia,6,42.83,-37.78
Estonia,7,48.17,-32.35
Estonia,8,52.19,-27.19
Estonia,9,54.66,-23.51
Estonia,10,55.77,-21.1
Estonia,11,56.04,-20.84
Estonia,12,55.24,-21.71
Estonia,13,53.37,-24.25
Estonia,14,50.36,-29.04
Estonia,15,45.99,-35.6
Estonia,16,39.85,-42.44
Estonia,17,33.71,-46.78
Estonia,18,29.87,-48.0
Estonia,19,28.58,-47.9
Estonia,20,28.91,-46.94
Estonia,21,29.92,-44.64
Estonia,22,30.54,-42.53
Estonia,23,30.85,-41.62
Estonia,24,31.09,-41.67
Finland,1,24.7,1.08
Finland,2,24.5,1.04
Finland,3,24.44,0.48
Finland,4,24.29,-1.81
Finland,5,23.58,-3.82
Finland,6,23.04,-4.68
Finland,7,23.07,-5.33
Finland,8,23.26,-5.81
Finland,9,23.71,-6.26
Finland,10,23.93,-6.68
Finland,11,23.91,-6.81
Finland,12,24.13,-6.68
Finland,13,24.13,-6.33
Finland,14,23.85,-5.86
Finland,15,23.5,-5.39
Finland,16,23.0,-4.65
Finland,17,22.65,-4.26
Finland,18,22.72,-3.84
Finland,19,23.28,-2.31
Finland,20,24.15,-1.93
Finland,21,24.79,-1.89
Finland,22,24.99,-0.69
Finland,23,25.21,0.49
Finland,24,25.11,0.98
France,1,9.47,27.35
France,2,9.46,29.41
France,3,9.41,31.02
France,4,9.37,30.69
France,5,9.44,27.75
France,6,9.76,24.25
France,7,10.91,21.19
France,8,13.05,19.23
France,9,15.75,17.72
France,10,18.46,16.38
France,11,20.34,14.36
France,12,21.37,14.64
France,13,21.63,16.02
France,14,21.14,17.75
France,15,19.56,20.09
France,16,17.02,21.89
France,17,13.84,21.34
France,18,10.78,19.21
France,19,9.06,20.21
France,20,8.75,23.08
France,21,8.9,22.91
France,22,9.06,22.29
France,23,9.24,23.84
France,24,9.38,25.78
Germany,1,33.49,-7.3
Germany,2,33.76,-8.03
Germany,3,33.77,-8.85
Germany,4,33.59,-9.26
Germany,5,34.22,-9.11
Germany,6,36.98,-8.32
Germany,7,41.52,-6.87
Germany,8,46.59,-4.7
Germany,9,51.44,-2.86
Germany,10,55.03,-1.3
Germany,11,57.28,0.08
Germany,12,58.07,0.68
Germany,13,57.45,0.52
Germany,14,55.02,-0.63
Germany,15,50.55,-2.97
Germany,16,44.35,-5.66
Germany,17,37.66,-8.04
Germany,18,32.44,-8.94
Germany,19,29.8,-8.58
Germany,20,29.13,-7.73
Germany,21,29.78,-6.93
Germany,22,30.9,-6.66
Germany,23,31.85,-6.59
Germany,24,32.82,-6.89
Greece,1,33.4,-11.49
Greece,2,34.3,-11.87
Greece,3,34.27,-10.83
Greece,4,33.76,-8.9
Greece,5,34.45,-4.51
Greece,6,41.18,-1.16
Greece,7,52.91,1.6
Greece,8,63.41,4.4
Greece,9,69.81,7.22
Greece,10,72.77,7.57
Greece,11,73.25,7.35
Greece,12,72.46,6.85
Greece,13,69.54,6.14
Greece,14,62.61,4.43
Greece,15,49.86,2.65
Greece,16,33.15,4.11
Greece,17,22.62,4.85
Greece,18,19.38,3.6
Greece,19,19.3,2.32
Greece,20,20.75,0.95
Greece,21,22.72,-1.31
Greece,22,25.0,-3.44
Greece,23,28.01,-5.46
Greece,24,31.25,-8.4
Hungary,1,2.82,-32.75
Hungary,2,2.79,-31.84
Hungary,3,2.72,-32.01
Hungary,4,3.64,-32.68
Hungary,5,7.97,-33.08
Hungary,6,17.62,-28.97
Hungary,7,29.29,-19.55
Hungary,8,40.05,-9.04
Hungary,9,47.36,-0.62
Hungary,10,51.12,3.5
Hungary,11,52.16,4.81
Hungary,12,51.4,4.21
Hungary,13,48.65,0.66
Hungary,14,42.82,-7.39
Hungary,15,33.03,-18.65
Hungary,16,21.23,-29.08
Hungary,17,10.6,-36.99
Hungary,18,4.27,-40.96
Hungary,19,2.44,-41.93
Hungary,20,2.53,-41.31
Hungary,21,2.68,-40.27
Hungary,22,2.8,-39.19
Hungary,23,2.89,-37.17
Hungary,24,2.86,-34.75
Italy,1,13.0,-25.26
Italy,2,13.26,-25.73
Italy,3,13.29,-25.54
Italy,4,12.88,-24.78
Italy,5,12.45,-22.57
Italy,6,14.35,-19.5
Italy,7,20.19,-16.76
Italy,8,28.22,-15.32
Italy,9,35.92,-14.92
Italy,10,41.56,-14.41
Italy,11,45.17,-13.96
Italy,12,46.43,-13.49
Italy,13,44.97,-12.78
Italy,14,40.52,-12.84
Italy,15,33.02,-13.36
Italy,16,23.68,-13.86
Italy,17,15.05,-13.9
Italy,18,9.77,-13.49
Italy,19,8.05,-13.69
Italy,20,8.26,-15.03
Italy,21,9.07,-17.07
Italy,22,10.1,-20.1
Italy,23,11.16,-22.63
Italy,24,12.24,-24.06
Latvia,1,12.85,-19.42
Latvia,2,12.59,-17.42
Latvia,3,12.14,-17.27
Latvia,4,11.74,-19.88
Latvia,5,12.58,-21.51
Latvia,6,14.92,-19.47
Latvia,7,19.41,-20.63
Latvia,8,27.35,-23.86
Latvia,9,32.57,-23.04
Latvia,10,35.62,-21.43
Latvia,11,37.12,-20.73
Latvia,12,37.05,-21.31
Latvia,13,35.43,-21.23
Latvia,14,30.72,-20.0
Latvia,15,23.71,-15.64
Latvia,16,16.2,-8.75
Latvia,17,11.52,-4.3
Latvia,18,8.5,-1.74
Latvia,19,7.03,-2.59
Latvia,20,7.37,-7.08
Latvia,21,9.21,-11.74
Latvia,22,10.26,-12.84
Latvia,23,11.91,-18.43
Latvia,24,12.98,-21.08
Lithuania,1,56.0,-58.73
Lithuania,2,55.05,-60.17
Lithuania,3,55.57,-59.21
Lithuania,4,56.78,-55.75
Lithuania,5,55.54,-47.91
Lithuania,6,56.7,-43.23
Lithuania,7,59.68,-40.21
Lithuania,8,64.22,-38.3
Lithuania,9,67.75,-38.66
Lithuania,10,69.68,-40.61
Lithuania,11,70.44,-42.4
Lithuania,12,69.65,-44.73
Lithuania,13,67.91,-46.6
Lithuania,14,65.35,-46.33
Lithuania,15,59.88,-43.47
Lithuania,16,51.59,-41.16
Lithuania,17,44.71,-39.53
Lithuania,18,41.35,-38.92
Lithuania,19,41.78,-38.79
Lithuania,20,45.36,-39.2
Lithuania,21,49.84,-42.34
Lithuania,22,53.67,-48.61
Lithuania,23,55.91,-53.8
Lithuania,24,56.42,-56.8
Luxembourg,1,45.08,-75.17
Luxembourg,2,44.47,-74.99
Luxembourg,3,43.78,-75.24
Luxembourg,4,42.77,-76.1
Luxembourg,5,41.82,-76.48
Luxembourg,6,43.24,-75.69
Luxembourg,7,48.24,-74.98
Luxembourg,8,53.86,-73.32
Luxembourg,9,59.16,-70.98
Luxembourg,10,63.19,-68.92
Luxembourg,11,65.81,-67.22
Luxembourg,12,67.34,-65.54
Luxembourg,13,67.17,-64.87
Luxembourg,14,65.21,-66.09
Luxembourg,15,61.52,-68.9
Luxembourg,16,56.35,-72.53
Luxembourg,17,50.48,-76.34
Luxembourg,18,44.62,-78.69
Luxembourg,19,40.27,-79.25
Luxembourg,20,38.88,-78.72
Luxembourg,21,40.35,-78.34
Luxembourg,22,43.89,-78.27
Luxembourg,23,45.11,-77.06
Luxembourg,24,44.9,-76.0
Netherlands,1,31.82,-5.31
Netherlands,2,32.14,-4.99
Netherlands,3,32.13,-4.6
Netherlands,4,31.68,-3.66
Netherlands,5,31.63,-1.61
Netherlands,6,33.95,-0.82
Netherlands,7,39.24,0.15
Netherlands,8,46.97,2.26
Netherlands,9,54.76,5.96
Netherlands,10,60.68,9.9
Netherlands,11,64.28,12.44
Netherlands,12,65.84,12.75
Netherlands,13,65.83,11.83
Netherlands,14,63.9,9.91
Netherlands,15,59.47,6.52
Netherlands,16,51.87,2.55
Netherlands,17,42.98,1.08
Netherlands,18,35.27,1.09
Netherlands,19,29.81,0.53
Netherlands,20,27.1,-0.31
Netherlands,21,27.17,-0.82
Netherlands,22,28.34,-2.18
Netherlands,23,29.82,-4.05
Netherlands,24,31.11,-5.45
Poland,1,18.9,-0.67
Poland,2,18.66,-0.49
Poland,3,18.57,-0.77
Poland,4,18.88,-1.2
Poland,5,19.75,-2.02
Poland,6,22.43,-1.46
Poland,7,27.17,0.62
Poland,8,32.66,2.33
Poland,9,37.13,3.71
Poland,10,39.68,4.04
Poland,11,40.43,3.84
Poland,12,39.93,3.28
Poland,13,38.23,2.07
Poland,14,34.74,0.49
Poland,15,29.65,-1.42
Poland,16,23.92,-3.88
Poland,17,18.69,-5.21
Poland,18,15.68,-4.97
Poland,19,15.23,-5.19
Poland,20,16.15,-5.61
Poland,21,17.46,-5.11
Poland,22,18.44,-3.7
Poland,23,19.06,-2.48
Poland,24,19.07,-1.29
Portugal,1,40.43,-20.73
Portugal,2,42.35,-23.44
Portugal,3,43.32,-24.87
Portugal,4,42.69,-22.76
Portugal,5,39.96,-16.07
Portugal,6,36.02,-5.72
Portugal,7,36.3,-3.72
Portugal,8,42.5,-11.74
Portugal,9,50.56,-22.36
Portugal,10,57.42,-30.85
Portugal,11,61.49,-35.52
Portugal,12,63.45,-37.81
Portugal,13,64.38,-39.4
Portugal,14,64.32,-39.94
Portugal,15,62.99,-39.22
Portugal,16,58.86,-35.4
Portugal,17,50.41,-26.34
Portugal,18,39.33,-14.0
Portugal,19,28.52,-4.98
Portugal,20,24.66,-0.94
Portugal,21,26.35,-2.69
Portugal,22,30.03,-8.08
Portugal,23,34.03,-13.33
Portugal,24,37.79,-17.75
Romania,1,13.09,2.0
Romania,2,13.06,2.0
Romania,3,13.09,1.16
Romania,4,13.19,-1.98
Romania,5,14.05,-5.48
Romania,6,17.11,-6.82
Romania,7,21.79,-6.64
Romania,8,26.23,-4.56
Romania,9,29.36,-2.03
Romania,10,31.35,-0.62
Romania,11,31.97,-0.65
Romania,12,31.31,-1.34
Romania,13,29.5,-2.41
Romania,14,26.05,-4.99
Romania,15,21.21,-8.43
Romania,16,16.22,-10.97
Romania,17,12.6,-12.43
Romania,18,11.56,-13.18
Romania,19,11.85,-12.48
Romania,20,12.17,-8.88
Romania,21,12.38,-3.81
Romania,22,12.48,-0.39
Romania,23,12.88,-0.18
Romania,24,12.99,1.01
Slovakia,1,0.04,22.55
Slovakia,2,0.04,21.18
Slovakia,3,0.05,20.71
Slovakia,4,0.09,20.27
Slovakia,5,0.35,17.0
Slovakia,6,1.12,13.51
Slovakia,7,2.45,9.96
Slovakia,8,4.06,5.98
Slovakia,9,5.49,2.15
Slovakia,10,6.41,-1.54
Slovakia,11,6.72,-4.82
Slovakia,12,6.5,-4.71
Slovakia,13,5.82,-3.37
Slovakia,14,4.59,0.58
Slovakia,15,3.02,5.94
Slovakia,16,1.59,10.18
Slovakia,17,0.56,16.19
Slovakia,18,0.14,20.33
Slovakia,19,0.04,20.05
Slovakia,20,0.03,19.0
Slovakia,21,0.03,19.43
Slovakia,22,0.04,20.93
Slovakia,23,0.04,21.55
Slovakia,24,0.04,22.15
Slovenia,1,0.17,15.95
Slovenia,2,0.19,14.79
Slovenia,3,0.19,19.06
Slovenia,4,0.28,25.82
Slovenia,5,1.11,24.86
Slovenia,6,3.47,19.52
Slovenia,7,8.01,13.29
Slovenia,8,13.56,14.97
Slovenia,9,17.98,18.57
Slovenia,10,21.71,18.27
Slovenia,11,23.67,15.87
Slovenia,12,23.71,15.03
Slovenia,13,21.88,16.63
Slovenia,14,17.83,24.22
Slovenia,15,12.26,36.36
Slovenia,16,6.97,42.32
Slovenia,17,3.05,35.86
Slovenia,18,0.9,27.87
Slovenia,19,0.2,24.33
Slovenia,20,0.12,18.87
Slovenia,21,0.11,17.11
Slovenia,22,0.12,23.58
Slovenia,23,0.13,27.6
Slovenia,24,0.16,23.07
Spain,1,32.17,3.02
Spain,2,31.96,3.41
Spain,3,31.46,3.2
Spain,4,30.72,2.72
Spain,5,29.57,1.54
Spain,6,28.61,-0.02
Spain,7,31.95,0.32
Spain,8,40.61,2.57
Spain,9,50.23,5.57
Spain,10,57.28,7.76
Spain,11,60.52,9.1
Spain,12,61.86,9.23
Spain,13,62.33,9.11
Spain,14,62.15,9.88
Spain,15,61.25,10.99
Spain,16,58.6,10.8
Spain,17,52.02,8.82
Spain,18,42.91,5.39
Spain,19,33.66,0.99
Spain,20,27.96,-2.07
Spain,21,27.79,-1.86
Spain,22,29.25,0.31
Spain,23,30.76,1.42
Spain,24,31.74,2.19
Sweden,1,27.94,35.68
Sweden,2,27.74,35.96
Sweden,3,27.44,36.41
Sweden,4,26.72,36.21
Sweden,5,25.46,33.16
Sweden,6,24.08,28.87
Sweden,7,23.22,26.07
Sweden,8,23.31,24.82
Sweden,9,24.16,23.83
Sweden,10,25.23,22.78
Sweden,11,26.29,21.98
Sweden,12,26.92,21.63
Sweden,13,27.18,21.86
Sweden,14,26.99,22.59
Sweden,15,26.34,23.49
Sweden,16,25.42,23.48
Sweden,17,24.59,23.84
Sweden,18,24.41,24.57
Sweden,19,24.79,25.9
Sweden,20,25.55,28.34
Sweden,21,26.43,31.19
Sweden,22,27.06,33.4
Sweden,23,27.66,34.73
Sweden,24,28.06,35.45
