Country,Month,RES-E 2024,NET-P 2024,RES-E,NET-P
Albania,Jan,,,8.03,94.56
Albania,Feb,,,12.47,85.44
Albania,Mar,,,22.87,44.34
Albania,Apr,,,24.4,29.25
Albania,May,,,20.86,81.99
Albania,Jun,,,14.58,122.41
Albania,Jul,,,16.21,69.41
Albania,Aug,,,11.21,57.87
Albania,Sep,,,17.84,59.23
Albania,Oct,,,16.65,95.01
Albania,Nov,,,10.97,82.17
Albania,Dec,,,12.55,70.03
Algeria,Jan,,,4.62,5.55
Algeria,Feb,,,6.34,5.14
Algeria,Mar,,,7.59,4.52
Algeria,Apr,,,9.05,0.72
Algeria,May,,,8.33,4.45
Algeria,Jun,,,6.77,5.68
Algeria,Jul,,,5.19,3.45
Algeria,Aug,,,5.46,5.54
Algeria,Sep,,,6.09,7.69
Algeria,Oct,,,6.41,9.26
Algeria,Nov,,,5.68,7.42
Algeria,Dec,,,4.89,7.84
Austria,Jan,19.88,4.94,31.38,-23.42
Austria,Feb,23.23,1.28,48.21,-6.67
Austria,Mar,25.61,2.45,38.79,15.72
Austria,Apr,26.49,17.26,32.4,23.26
Austria,May,21.94,27.37,35.08,8.33
Austria,Jun,18.18,20.96,33.65,18.53
Austria,Jul,21.37,17.82,33.71,14.18
Austria,Aug,22.68,-0.03,32.87,11.28
Austria,Sep,24.76,4.61,34.2,-15.94
Austria,Oct,17.61,15.37,39.85,-15.46
Austria,Nov,17.69,-8.12,36.7,-24.0
Austria,Dec,20.47,-11.1,34.82,-11.83
Belgium,Jan,25.4,-7.36,36.28,-23.9
Belgium,Feb,29.73,-11.61,32.54,-24.51
Belgium,Mar,28.31,-20.14,46.09,-23.24
Belgium,Apr,38.07,-13.41,41.35,-27.25
Belgium,May,24.61,-13.54,51.81,-28.61
Belgium,Jun,28.2,-6.63,44.29,-31.83
Belgium,Jul,27.47,-2.76,57.66,-33.8
Belgium,Aug,28.94,-6.24,49.21,-36.38
Belgium,Sep,29.55,-20.44,45.93,-26.15
Belgium,Oct,25.61,-24.91,41.79,-27.07
Belgium,Nov,19.5,-19.08,55.61,-14.64
Belgium,Dec,24.67,-12.48,40.99,-18.06
Bosnia and Herzegovina,Jan,,,20.72,-35.04
Bosnia and Herzegovina,Feb,,,31.45,-17.07
Bosnia and Herzegovina,Mar,,,32.93,-11.43
Bosnia and Herzegovina,Apr,,,20.94,-25.71
Bosnia and Herzegovina,May,,,21.28,-29.08
Bosnia and Herzegovina,Jun,,,25.98,-34.35
Bosnia and Herzegovina,Jul,,,25.23,-40.8
Bosnia and Herzegovina,Aug,,,23.84,-46.19
Bosnia and Herzegovina,Sep,,,26.88,-40.84
Bosnia and Herzegovina,Oct,,,27.91,-39.32
Bosnia and Herzegovina,Nov,,,24.1,-37.31
Bosnia and Herzegovina,Dec,,,25.59,-31.33
Bulgaria,Jan,9.73,-7.0,12.06,-14.03
Bulgaria,Feb,11.61,-0.44,15.55,-13.39
Bulgaria,Mar,11.58,2.49,18.02,-12.77
Bulgaria,Apr,16.44,21.49,22.34,-20.86
Bulgaria,May,18.88,-1.81,32.83,-35.67
Bulgaria,Jun,22.98,-8.58,24.96,-12.57
Bulgaria,Jul,18.3,14.12,19.74,6.71
Bulgaria,Aug,17.42,17.19,19.13,-1.86
Bulgaria,Sep,16.45,24.48,19.09,-2.55
Bulgaria,Oct,18.01,4.41,14.59,-0.69
Bulgaria,Nov,13.95,-16.22,14.26,-10.3
Bulgaria,Dec,9.39,-2.34,12.88,-12.61
Croatia,Jan,21.87,-13.77,22.0,63.32
Croatia,Feb,19.04,-18.36,30.06,53.46
Croatia,Mar,19.75,-7.24,50.78,-7.04
Croatia,Apr,26.0,-20.88,38.5,-41.44
Croatia,May,26.66,-34.89,39.64,-39.5
Croatia,Jun,21.3,-41.88,41.65,-30.38
Croatia,Jul,25.02,-40.21,33.97,-23.87
Croatia,Aug,25.34,-39.79,28.95,-10.1
Croatia,Sep,30.36,-28.61,43.3,-20.66
Croatia,Oct,16.77,-12.46,36.88,0.18
Croatia,Nov,25.63,-24.46,27.98,2.66
Croatia,Dec,23.18,-15.91,36.03,40.18
Cyprus,Jan,15.52,0.0,20.7,5.45
Cyprus,Feb,16.38,0.0,26.76,4.5
Cyprus,Mar,24.47,0.0,31.9,15.73
Cyprus,Apr,24.67,0.0,32.14,27.26
Cyprus,May,26.9,0.0,31.3,8.14
Cyprus,Jun,21.04,0.0,25.97,-12.1
Cyprus,Jul,19.65,0.0,22.24,-12.46
Cyprus,Aug,19.67,0.0,21.89,-19.85
Cyprus,Sep,20.84,0.0,21.88,-6.18
Cyprus,Oct,21.39,0.0,19.33,-1.59
Cyprus,Nov,19.02,0.0,22.0,8.36
Cyprus,Dec,14.44,0.0,19.9,5.21
Czechia,Jan,3.03,10.63,9.25,-23.83
Czechia,Feb,3.81,7.76,13.77,-24.65
Czechia,Mar,6.03,12.02,17.75,-23.92
Czechia,Apr,8.89,2.6,25.43,-15.25
Czechia,May,10.33,2.51,31.08,-39.85
Czechia,Jun,10.64,5.8,31.95,-37.67
Czechia,Jul,10.42,14.0,29.61,-28.86
Czechia,Aug,9.98,17.35,25.25,-23.83
Czechia,Sep,7.78,21.72,19.05,-25.02
Czechia,Oct,5.59,11.71,13.83,-24.71
Czechia,Nov,3.2,12.66,13.36,-28.26
Czechia,Dec,2.27,17.59,8.22,-23.31
Denmark,Jan,58.8,3.55,47.62,20.63
Denmark,Feb,60.24,2.91,44.75,20.96
Denmark,Mar,60.26,1.04,54.62,35.41
Denmark,Apr,66.55,-11.54,56.46,43.97
Denmark,May,70.47,-14.82,66.42,42.89
Denmark,Jun,77.47,-18.62,65.82,45.24
Denmark,Jul,69.82,-17.71,66.76,18.65
Denmark,Aug,69.22,-23.28,66.04,46.11
Denmark,Sep,65.57,-26.99,65.48,54.65
Denmark,Oct,63.42,-11.67,58.19,55.77
Denmark,Nov,50.02,-14.54,59.41,52.23
Denmark,Dec,59.93,-6.36,48.9,22.49
Egypt,Jan,4.14,0.0,17.58,4.12
Egypt,Feb,4.81,0.0,21.34,1.36
Egypt,Mar,5.11,0.0,24.14,1.9
Egypt,Apr,6.42,0.0,23.72,1.84
Egypt,May,5.91,0.0,22.24,0.26
Egypt,Jun,5.41,0.0,19.92,-0.72
Egypt,Jul,3.87,0.0,16.93,-2.26
Egypt,Aug,4.03,0.0,16.93,-1.81
Egypt,Sep,5.08,0.0,18.54,-0.75
Egypt,Oct,6.87,0.0,16.16,0.31
Egypt,Nov,7.1,0.0,20.4,2.97
Egypt,Dec,,,17.5,3.63
Estonia,Jan,24.2,-39.3,39.57,-44.27
Estonia,Feb,27.23,-47.75,34.87,-46.22
Estonia,Mar,27.54,-44.57,48.99,-50.63
Estonia,Apr,42.63,-45.09,63.4,-53.22
Estonia,May,44.47,-25.58,65.2,-47.79
Estonia,Jun,41.86,-21.84,67.5,-50.28
Estonia,Jul,46.19,-31.57,60.61,-50.0
Estonia,Aug,48.64,-40.05,58.66,-50.64
Estonia,Sep,44.03,-28.73,62.51,-44.08
Estonia,Oct,46.22,-35.76,54.25,-45.78
Estonia,Nov,43.34,-44.14,56.82,-61.37
Estonia,Dec,43.12,-37.89,41.96,-54.26
Finland,Jan,22.72,-5.92,57.45,15.45
Finland,Feb,22.84,-4.38,50.73,13.31
Finland,Mar,19.06,-13.31,52.12,11.28
Finland,Apr,24.81,-10.82,61.9,-0.18
Finland,May,20.48,-8.97,65.43,0.38
Finland,Jun,16.55,0.12,56.55,-5.43
Finland,Jul,16.92,4.95,52.33,-7.43
Finland,Aug,24.62,-5.53,50.94,-5.71
Finland,Sep,28.48,-2.68,68.41,6.51
Finland,Oct,31.26,3.68,53.58,4.64
Finland,Nov,29.06,0.69,55.96,5.54
Finland,Dec,30.17,1.63,55.33,12.67
France,Jan,11.44,13.46,17.79,-0.8
France,Feb,14.07,18.21,17.47,2.51
France,Mar,13.45,17.97,26.47,2.91
France,Apr,16.56,15.56,25.53,6.84
France,May,12.14,30.38,33.52,6.56
France,Jun,13.3,28.39,27.59,11.98
France,Jul,12.76,27.45,30.26,8.72
France,Aug,13.39,26.92,25.04,6.33
France,Sep,15.5,25.9,27.51,11.31
France,Oct,12.38,24.35,22.28,11.66
France,Nov,11.08,19.87,29.99,10.03
France,Dec,11.74,15.44,19.68,6.46
Germany,Jan,41.22,3.81,51.4,-11.46
Germany,Feb,43.01,0.52,55.08,-9.18
Germany,Mar,40.1,-3.52,65.15,-3.38
Germany,Apr,45.52,-6.54,66.75,-1.51
Germany,May,42.43,-9.32,72.75,9.44
Germany,Jun,42.55,-9.89,70.89,8.68
Germany,Jul,42.83,-11.51,69.3,5.36
Germany,Aug,39.8,-11.97,67.29,0.89
Germany,Sep,43.69,-7.39,67.73,-0.37
Germany,Oct,37.52,-8.34,63.87,-4.34
Germany,Nov,32.13,-3.23,69.18,0.97
Germany,Dec,38.19,0.35,57.22,-9.88
Greece,Jan,46.06,-5.14,50.13,17.68
Greece,Feb,44.27,-10.75,60.26,21.45
Greece,Mar,40.1,-3.53,61.4,9.64
Greece,Apr,50.08,5.67,60.55,8.66
Greece,May,43.37,4.53,52.58,20.53
Greece,Jun,39.96,-3.96,56.32,18.11
Greece,Jul,40.45,-1.39,56.5,24.29
Greece,Aug,39.13,-3.19,54.45,36.36
Greece,Sep,39.86,-8.88,54.59,24.54
Greece,Oct,51.01,-1.43,50.25,20.65
Greece,Nov,38.71,16.94,51.35,12.63
Greece,Dec,37.19,8.78,52.37,11.99
Hungary,Jan,11.6,-32.0,9.45,-25.19
Hungary,Feb,16.21,-33.28,13.43,-22.75
Hungary,Mar,20.08,-29.65,19.56,-23.42
Hungary,Apr,24.72,-16.21,28.96,-23.27
Hungary,May,28.22,-16.84,32.07,-32.03
Hungary,Jun,26.65,-18.44,28.33,-24.55
Hungary,Jul,27.71,-18.09,27.99,-20.82
Hungary,Aug,27.02,-20.48,25.72,-24.45
Hungary,Sep,22.5,-26.98,23.88,-25.93
Hungary,Oct,18.48,-24.13,15.53,-21.64
Hungary,Nov,10.78,-25.45,10.4,-29.77
Hungary,Dec,8.62,-26.59,8.1,-26.74
Ireland,Jan,40.84,-12.07,75.62,19.67
Ireland,Feb,48.22,-13.06,70.36,20.94
Ireland,Mar,50.75,-13.27,81.92,19.43
Ireland,Apr,42.49,-16.19,77.17,24.77
Ireland,May,29.54,-18.52,80.2,18.07
Ireland,Jun,37.37,-21.12,71.68,11.92
Ireland,Jul,33.33,-20.52,74.41,10.55
Ireland,Aug,48.17,-19.56,79.62,23.26
Ireland,Sep,38.22,-16.67,75.51,8.59
Ireland,Oct,42.18,-14.38,72.2,3.81
Ireland,Nov,33.83,-13.23,80.36,20.86
Ireland,Dec,48.37,-13.44,72.45,17.42
Israel,Jan,,,18.66,7.4
Israel,Feb,,,22.81,7.8
Israel,Mar,,,27.25,6.64
Israel,Apr,,,31.31,3.5
Israel,May,,,30.3,3.51
Israel,Jun,,,26.3,4.06
Israel,Jul,,,22.6,3.88
Israel,Aug,,,22.05,3.63
Israel,Sep,,,23.19,3.13
Israel,Oct,,,20.72,3.21
Israel,Nov,,,21.4,4.61
Israel,Dec,,,19.26,6.95
Italy,Jan,20.86,-22.38,31.45,3.88
Italy,Feb,21.6,-26.28,41.59,1.95
Italy,Mar,24.25,-22.47,51.76,-14.55
Italy,Apr,27.46,-14.72,46.53,-16.94
Italy,May,25.65,-16.69,45.25,-18.66
Italy,Jun,22.91,-12.55,45.51,-17.39
Italy,Jul,20.82,-14.48,43.09,-18.43
Italy,Aug,20.12,-13.94,38.24,-18.9
Italy,Sep,21.24,-15.51,39.76,-20.18
Italy,Oct,16.83,-17.99,41.49,-16.53
Italy,Nov,16.85,-16.75,35.85,-16.43
Italy,Dec,22.74,-19.2,41.29,-1.95
Latvia,Jan,4.87,20.8,45.0,-24.06
Latvia,Feb,4.62,26.01,41.09,-28.73
Latvia,Mar,4.75,62.35,41.93,-42.08
Latvia,Apr,6.13,45.44,27.02,-7.52
Latvia,May,18.84,-1.61,46.37,-16.71
Latvia,Jun,34.93,-53.89,50.17,-28.15
Latvia,Jul,34.09,-46.93,41.44,-44.28
Latvia,Aug,27.49,-43.79,46.73,-44.42
Latvia,Sep,22.87,-45.52,54.14,-37.13
Latvia,Oct,28.53,-63.67,40.81,-28.96
Latvia,Nov,18.3,-46.43,47.65,-15.95
Latvia,Dec,18.84,-45.58,32.58,-15.42
Libya,Jan,,,6.51,-9.99
Libya,Feb,,,7.23,-9.54
Libya,Mar,,,9.23,-11.36
Libya,Apr,,,11.52,-12.64
Libya,May,,,10.47,-11.29
Libya,Jun,,,8.35,-8.88
Libya,Jul,,,7.36,-6.51
Libya,Aug,,,6.74,-7.48
Libya,Sep,,,6.73,-7.58
Libya,Oct,,,7.6,-10.8
Libya,Nov,,,7.53,-11.75
Libya,Dec,,,6.93,-10.98
Lithuania,Jan,54.42,-50.84,67.38,35.65
Lithuania,Feb,50.04,-52.06,69.21,50.85
Lithuania,Mar,56.38,-48.21,71.57,42.81
Lithuania,Apr,59.84,-41.11,73.61,51.99
Lithuania,May,64.04,-40.24,77.6,70.64
Lithuania,Jun,58.74,-45.82,80.67,65.31
Lithuania,Jul,57.72,-46.21,74.13,41.88
Lithuania,Aug,57.01,-45.94,77.03,53.2
Lithuania,Sep,60.51,-47.18,78.54,59.02
Lithuania,Oct,55.39,-49.84,75.73,49.56
Lithuania,Nov,54.8,-45.65,80.09,74.57
Lithuania,Dec,56.01,-40.05,67.57,39.51
Luxembourg,Jan,49.98,-76.45,48.83,-74.44
Luxembourg,Feb,59.5,-72.91,49.76,-74.81
Luxembourg,Mar,54.78,-74.63,55.85,-68.44
Luxembourg,Apr,64.43,-72.06,51.21,-70.39
Luxembourg,May,52.06,-74.39,54.15,-71.45
Luxembourg,Jun,54.38,-73.29,56.33,-71.04
Luxembourg,Jul,49.87,-73.47,57.07,-70.23
Luxembourg,Aug,48.36,-71.04,51.0,-73.63
Luxembourg,Sep,51.95,-69.52,54.71,-76.55
Luxembourg,Oct,40.43,-72.45,55.62,-75.96
Luxembourg,Nov,41.23,-78.85,62.48,-71.59
Luxembourg,Dec,42.96,-75.66,53.33,-73.85
Malta,Jan,11.11,-20.59,14.07,-54.96
Malta,Feb,11.54,-18.75,21.45,-53.1
Malta,Mar,17.86,-15.15,28.63,-55.18
Malta,Apr,20.83,-22.58,33.25,-56.79
Malta,May,22.22,-18.18,35.6,-55.73
Malta,Jun,17.24,-21.62,29.69,-49.77
Malta,Jul,15.63,-27.27,21.98,-42.48
Malta,Aug,14.71,-26.09,16.04,-37.22
Malta,Sep,17.86,-30.0,16.2,-43.99
Malta,Oct,14.81,-25.0,18.88,-51.74
Malta,Nov,11.11,-18.18,17.21,-54.92
Malta,Dec,8.0,-24.24,15.75,-56.62
Moldova,Jan,2.17,-13.21,31.67,-54.38
Moldova,Feb,2.22,-4.26,26.5,-59.91
Moldova,Mar,2.04,-2.0,38.53,-60.15
Moldova,Apr,2.27,0.0,56.96,-73.56
Moldova,May,2.33,2.38,57.18,-72.32
Moldova,Jun,0.0,-2.27,68.35,-78.69
Moldova,Jul,2.04,-5.77,69.84,-76.82
Moldova,Aug,2.13,-2.08,64.42,-82.05
Moldova,Sep,,,64.32,-79.41
Moldova,Oct,,,47.44,-73.91
Moldova,Nov,,,32.31,-65.66
Moldova,Dec,,,27.03,-55.09
Montenegro,Jan,10.81,8.82,10.74,76.72
Montenegro,Feb,8.33,50.0,20.22,54.16
Montenegro,Mar,7.89,46.15,47.14,-21.63
Montenegro,Apr,20.0,25.0,28.55,-55.89
Montenegro,May,33.33,-30.77,26.52,-34.51
Montenegro,Jun,12.5,-38.46,35.2,-39.99
Montenegro,Jul,13.05,-30.3,31.72,-42.26
Montenegro,Aug,12.0,-32.43,20.97,-10.09
Montenegro,Sep,13.64,-15.38,34.28,-19.39
Montenegro,Oct,5.71,29.63,32.71,-0.04
Montenegro,Nov,8.57,-7.89,18.18,17.63
Montenegro,Dec,7.89,-11.63,28.08,32.42
Morocco,Jan,22.7,-1.21,70.89,-21.99
Morocco,Feb,30.47,-2.58,70.51,-25.76
Morocco,Mar,26.66,-7.62,66.87,-24.2
Morocco,Apr,29.96,-8.33,80.44,-13.82
Morocco,May,33.74,-8.61,76.35,-21.39
Morocco,Jun,33.84,-5.75,64.61,-25.18
Morocco,Jul,30.79,-7.54,70.11,-20.26
Morocco,Aug,27.95,-6.92,71.66,-24.2
Morocco,Sep,26.25,-8.38,66.63,-26.86
Morocco,Oct,,,55.82,-30.61
Morocco,Nov,,,65.3,-29.42
Morocco,Dec,,,56.88,-32.51
Netherlands,Jan,38.41,5.63,54.28,10.09
Netherlands,Feb,41.78,3.21,50.94,3.57
Netherlands,Mar,40.34,7.42,63.76,6.87
Netherlands,Apr,54.83,5.65,64.74,-0.18
Netherlands,May,45.86,-5.74,73.48,12.18
Netherlands,Jun,49.37,-3.6,68.67,-1.58
Netherlands,Jul,49.07,-3.0,74.19,6.9
Netherlands,Aug,45.12,0.03,69.13,2.21
Netherlands,Sep,43.98,-0.15,68.85,2.66
Netherlands,Oct,36.77,-3.33,61.24,1.31
Netherlands,Nov,26.91,10.38,67.74,-2.33
Netherlands,Dec,36.57,5.37,58.69,5.07
North Macedonia,Jan,6.06,-15.38,10.14,-15.67
North Macedonia,Feb,4.48,13.56,24.37,-27.79
North Macedonia,Mar,9.26,1.89,27.98,-32.15
North Macedonia,Apr,10.64,-11.32,30.92,-43.4
North Macedonia,May,8.69,12.2,30.18,-28.78
North Macedonia,Jun,8.0,38.89,28.82,-8.8
North Macedonia,Jul,10.53,3.64,30.67,-3.74
North Macedonia,Aug,8.93,7.69,24.53,-1.95
North Macedonia,Sep,12.24,2.08,25.35,-9.93
North Macedonia,Oct,11.9,-10.64,20.05,-9.78
North Macedonia,Nov,6.56,-18.67,15.33,-27.87
North Macedonia,Dec,6.35,-27.59,13.53,-19.73
Norway,Jan,11.3,1.41,20.22,0.81
Norway,Feb,10.97,6.62,14.32,-6.62
Norway,Mar,9.33,12.75,20.95,-1.05
Norway,Apr,9.36,8.75,16.18,17.39
Norway,May,6.52,19.4,25.08,3.57
Norway,Jun,8.3,20.04,20.28,23.92
Norway,Jul,5.84,20.29,17.96,20.54
Norway,Aug,10.44,16.22,19.74,26.39
Norway,Sep,8.38,18.76,25.95,18.4
Norway,Oct,10.96,12.41,21.56,-0.56
Norway,Nov,9.29,16.25,27.4,-14.13
Norway,Dec,11.31,14.85,15.34,-3.83
Palestine,Jan,,,19.04,-82.94
Palestine,Feb,,,24.28,-82.09
Palestine,Mar,,,34.33,-83.62
Palestine,Apr,,,38.48,-80.89
Palestine,May,,,30.32,-75.02
Palestine,Jun,,,27.23,-75.36
Palestine,Jul,,,25.64,-77.79
Palestine,Aug,,,25.15,-77.11
Palestine,Sep,,,24.23,-76.27
Palestine,Oct,,,20.36,-75.66
Palestine,Nov,,,20.84,-77.64
Palestine,Dec,,,18.39,-80.71
Poland,Jan,23.19,-2.0,43.47,-3.64
Poland,Feb,24.35,-3.33,47.84,-2.99
Poland,Mar,23.19,-3.04,52.68,-7.72
Poland,Apr,29.07,-1.75,60.48,-10.8
Poland,May,31.44,-2.5,63.22,-9.04
Poland,Jun,25.64,-3.45,63.72,-8.45
Poland,Jul,26.1,-2.63,54.53,-13.69
Poland,Aug,25.72,0.34,56.98,-11.28
Poland,Sep,29.41,2.16,59.61,-8.57
Poland,Oct,23.7,-2.86,49.18,-7.32
Poland,Nov,19.77,2.47,65.13,-3.82
Poland,Dec,18.71,3.93,37.71,-9.8
Portugal,Jan,30.37,-6.74,56.58,16.79
Portugal,Feb,40.24,-3.19,51.7,26.42
Portugal,Mar,37.53,11.9,67.58,12.86
Portugal,Apr,39.08,-0.17,64.04,8.71
Portugal,May,50.26,-26.55,66.13,13.55
Portugal,Jun,48.34,-37.99,61.97,13.39
Portugal,Jul,49.85,-37.87,66.62,9.87
Portugal,Aug,52.13,-35.13,66.74,8.47
Portugal,Sep,51.76,-34.97,67.08,-4.04
Portugal,Oct,47.62,-24.9,63.17,0.94
Portugal,Nov,46.32,-18.96,69.94,5.53
Portugal,Dec,45.35,-32.89,64.62,28.69
Romania,Jan,16.14,8.32,25.15,61.0
Romania,Feb,17.85,11.03,26.85,43.13
Romania,Mar,16.2,4.87,33.15,29.08
Romania,Apr,19.63,-3.93,36.37,24.98
Romania,May,22.41,-9.25,34.16,25.04
Romania,Jun,20.42,-8.57,33.39,27.88
Romania,Jul,19.23,-10.36,32.88,38.26
Romania,Aug,19.57,-11.25,27.81,27.62
Romania,Sep,20.89,-3.53,34.52,32.51
Romania,Oct,17.97,-5.92,29.39,32.73
Romania,Nov,15.64,-11.94,24.74,37.72
Romania,Dec,17.78,-9.4,26.79,47.66
Russia,Jan,0.53,0.08,0.53,0.08
Russia,Feb,0.57,0.16,0.57,0.16
Russia,Mar,0.58,0.04,0.58,0.04
Russia,Apr,0.77,0.04,0.77,0.04
Russia,May,0.76,0.02,0.76,0.02
Russia,Jun,0.77,0.11,0.77,0.11
Russia,Jul,0.69,0.15,0.69,0.15
Russia,Aug,0.74,0.15,0.74,0.15
Russia,Sep,0.9,0.01,0.9,0.01
Russia,Oct,0.63,0.05,0.63,0.05
Russia,Nov,0.5,0.1,0.5,0.1
Russia,Dec,0.42,0.2,0.42,0.2
Serbia,Jan,2.35,8.25,27.64,-19.98
Serbia,Feb,3.86,7.61,43.24,0.89
Serbia,Mar,4.42,7.46,45.58,1.13
Serbia,Apr,3.95,2.02,39.83,6.17
Serbia,May,4.8,-8.76,36.79,-2.81
Serbia,Jun,2.16,-9.06,35.54,-5.2
Serbia,Jul,2.3,-14.71,35.95,-5.02
Serbia,Aug,1.78,-16.04,33.5,-13.2
Serbia,Sep,4.68,-8.91,37.07,-12.19
Serbia,Oct,3.61,4.45,36.61,-12.6
Serbia,Nov,3.23,-2.21,33.31,-7.85
Serbia,Dec,2.84,-8.12,32.19,-15.88
Slovakia,Jan,0.74,21.26,4.71,18.07
Slovakia,Feb,0.87,28.49,7.39,26.03
Slovakia,Mar,1.46,25.05,9.34,23.83
Slovakia,Apr,2.52,13.49,11.47,25.12
Slovakia,May,3.52,3.97,12.03,3.31
Slovakia,Jun,3.44,0.2,12.45,-7.19
Slovakia,Jul,3.65,2.05,11.4,3.54
Slovakia,Aug,3.12,5.02,8.33,23.13
Slovakia,Sep,2.14,16.38,7.26,26.17
Slovakia,Oct,1.59,16.04,6.36,22.26
Slovakia,Nov,0.93,5.77,4.95,19.89
Slovakia,Dec,0.55,10.97,4.6,28.98
Slovenia,Jan,1.46,7.47,10.88,-37.34
Slovenia,Feb,4.86,15.46,14.08,-25.68
Slovenia,Mar,6.59,21.28,17.19,-21.64
Slovenia,Apr,15.25,-11.89,20.87,-3.1
Slovenia,May,11.62,29.93,24.2,-6.2
Slovenia,Jun,9.0,53.53,22.02,-7.41
Slovenia,Jul,11.66,34.74,28.31,-24.56
Slovenia,Aug,11.73,26.27,31.29,-44.48
Slovenia,Sep,6.76,23.67,20.81,-21.79
Slovenia,Oct,3.9,49.41,17.78,-32.49
Slovenia,Nov,3.65,13.98,9.78,-28.86
Slovenia,Dec,2.34,2.1,8.24,-26.24
Spain,Jan,34.23,2.89,56.62,11.65
Spain,Feb,43.92,5.92,62.03,11.76
Spain,Mar,43.03,4.5,63.19,13.2
Spain,Apr,44.61,6.37,65.66,13.09
Spain,May,47.07,4.53,66.57,5.51
Spain,Jun,47.17,6.46,66.16,4.5
Spain,Jul,45.35,4.13,66.69,2.27
Spain,Aug,43.3,1.66,60.14,5.63
Spain,Sep,42.94,5.87,60.8,8.05
Spain,Oct,40.63,4.77,58.82,11.11
Spain,Nov,35.99,2.26,69.88,7.52
Spain,Dec,35.72,3.11,63.83,11.14
Sweden,Jan,28.13,14.69,30.5,14.97
Sweden,Feb,24.92,20.01,22.75,14.33
Sweden,Mar,19.68,24.92,27.71,10.22
Sweden,Apr,22.59,21.55,31.38,0.92
Sweden,May,21.29,35.13,40.96,-9.59
Sweden,Jun,23.93,30.59,33.73,0.49
Sweden,Jul,22.8,34.25,33.15,8.05
Sweden,Aug,27.34,42.26,32.68,7.14
Sweden,Sep,25.95,30.75,46.35,2.59
Sweden,Oct,29.6,30.37,26.84,20.13
Sweden,Nov,30.51,26.83,31.98,13.56
Sweden,Dec,34.66,25.88,21.33,23.15
Switzerland,Jan,2.14,0.0,11.33,-16.76
Switzerland,Feb,5.05,-1.03,14.9,-27.68
Switzerland,Mar,7.15,9.95,21.75,-30.18
Switzerland,Apr,10.0,15.17,24.17,-0.13
Switzerland,May,11.79,14.0,26.62,-16.64
Switzerland,Jun,10.74,32.53,24.33,19.88
Switzerland,Jul,10.06,72.9,21.76,33.12
Switzerland,Aug,10.98,52.26,21.79,37.71
Switzerland,Sep,8.76,20.57,20.93,-7.51
Switzerland,Oct,4.87,22.16,18.11,-18.26
Switzerland,Nov,3.5,-1.96,13.94,-42.12
Switzerland,Dec,2.62,-11.71,10.68,-37.58
Tunisia,Jan,2.16,0.0,30.73,-1.15
Tunisia,Feb,2.42,0.0,40.39,-1.31
Tunisia,Mar,2.17,0.0,39.49,-2.13
Tunisia,Apr,2.33,0.0,38.19,-1.38
Tunisia,May,1.42,0.0,36.62,-7.07
Tunisia,Jun,1.75,0.0,28.9,-9.09
Tunisia,Jul,0.89,0.0,20.37,-9.69
Tunisia,Aug,0.87,0.0,19.35,-10.07
Tunisia,Sep,1.75,0.0,26.21,-13.46
Tunisia,Oct,2.14,0.0,30.16,-0.7
Tunisia,Nov,1.71,0.0,29.4,0.64
Tunisia,Dec,2.19,0.0,38.31,1.12
Turkiye,Jan,17.14,0.25,17.84,-3.17
Turkiye,Feb,15.83,0.11,21.92,-3.27
Turkiye,Mar,14.64,-0.36,21.9,-3.25
Turkiye,Apr,23.53,-0.29,20.21,-3.28
Turkiye,May,18.54,-0.71,19.95,-3.5
Turkiye,Jun,21.89,-0.77,20.54,-3.31
Turkiye,Jul,21.08,0.15,21.21,-2.89
Turkiye,Aug,18.86,0.0,24.03,-2.96
Turkiye,Sep,16.54,0.0,20.34,-3.37
Turkiye,Oct,19.39,-0.04,16.98,-3.5
Turkiye,Nov,15.98,-0.18,14.55,-3.34
Turkiye,Dec,15.33,-0.2,18.23,-3.28
Ukraine,Jan,,,5.02,-2.53
Ukraine,Feb,,,3.88,-3.14
Ukraine,Mar,,,4.99,6.49
Ukraine,Apr,,,5.5,5.72
Ukraine,May,,,6.12,6.68
Ukraine,Jun,,,6.35,1.4
Ukraine,Jul,,,5.79,-5.43
Ukraine,Aug,,,5.14,-6.02
Ukraine,Sep,,,5.6,-1.0
Ukraine,Oct,,,4.96,7.9
Ukraine,Nov,,,4.06,6.38
Ukraine,Dec,,,5.16,2.07
United Kingdom,Jan,38.97,-7.25,66.96,18.87
United Kingdom,Feb,43.69,-13.26,61.06,13.31
United Kingdom,Mar,45.14,-16.74,73.19,15.73
United Kingdom,Apr,49.6,-10.89,67.7,6.1
United Kingdom,May,33.78,-17.54,80.38,17.79
United Kingdom,Jun,42.5,-16.68,59.85,-1.81
United Kingdom,Jul,37.21,-17.36,75.68,13.68
United Kingdom,Aug,46.88,-9.73,74.89,15.48
United Kingdom,Sep,37.7,-13.1,75.22,21.94
United Kingdom,Oct,39.91,-11.07,68.12,16.92
United Kingdom,Nov,33.3,-9.83,76.93,17.55
United Kingdom,Dec,40.99,-8.55,64.52,11.92
