Country,Month,RES-E 2024,NET-P 2024,RES-E,NET-P
Albania,Jan,,,14.45,85.47
Albania,Feb,,,20.83,78.85
Albania,Mar,,,31.39,44.21
Albania,Apr,,,32.54,36.33
Albania,May,,,31.21,50.41
Albania,Jun,,,26.6,82.1
Albania,Jul,,,27.78,51.3
Albania,Aug,,,26.21,25.94
Albania,Sep,,,30.31,36.88
Albania,Oct,,,22.17,94.42
Albania,Nov,,,15.65,87.91
Albania,Dec,,,19.73,69.79
Algeria,Jan,,,5.01,-1.15
Algeria,Feb,,,6.85,-1.81
Algeria,Mar,,,8.12,-1.54
Algeria,Apr,,,9.52,-5.26
Algeria,May,,,8.96,-3.08
Algeria,Jun,,,7.13,-0.04
Algeria,Jul,,,5.51,-1.91
Algeria,Aug,,,5.94,-2.24
Algeria,Sep,,,6.68,-0.91
Algeria,Oct,,,6.97,1.08
Algeria,Nov,,,6.29,-2.73
Algeria,Dec,,,5.38,-1.2
Austria,Jan,19.88,4.94,39.1,-23.95
Austria,Feb,23.23,1.28,56.62,0.71
Austria,Mar,25.61,2.45,52.0,9.96
Austria,Apr,26.49,17.26,46.31,14.84
Austria,May,21.94,27.37,49.25,-2.28
Austria,Jun,18.18,20.96,47.31,7.62
Austria,Jul,21.37,17.82,48.63,3.95
Austria,Aug,22.68,-0.03,45.8,3.17
Austria,Sep,24.76,4.61,47.89,-17.32
Austria,Oct,17.61,15.37,51.19,-9.76
Austria,Nov,17.69,-8.12,46.28,-17.5
Austria,Dec,20.47,-11.1,45.46,-14.28
Belgium,Jan,25.4,-7.36,44.01,-27.6
Belgium,Feb,29.73,-11.61,38.89,-24.23
Belgium,Mar,28.31,-20.14,59.44,-32.19
Belgium,Apr,38.07,-13.41,57.1,-34.89
Belgium,May,24.61,-13.54,67.42,-37.46
Belgium,Jun,28.2,-6.63,61.89,-35.69
Belgium,Jul,27.47,-2.76,66.64,-29.19
Belgium,Aug,28.94,-6.24,63.03,-39.01
Belgium,Sep,29.55,-20.44,61.74,-36.8
Belgium,Oct,25.61,-24.91,54.98,-35.61
Belgium,Nov,19.5,-19.08,67.14,-26.62
Belgium,Dec,24.67,-12.48,52.61,-28.86
Bosnia and Herzegovina,Jan,,,29.4,-4.71
Bosnia and Herzegovina,Feb,,,44.73,16.94
Bosnia and Herzegovina,Mar,,,46.98,23.08
Bosnia and Herzegovina,Apr,,,34.44,-2.42
Bosnia and Herzegovina,May,,,34.0,1.76
Bosnia and Herzegovina,Jun,,,37.28,3.8
Bosnia and Herzegovina,Jul,,,36.3,-4.66
Bosnia and Herzegovina,Aug,,,34.03,-11.13
Bosnia and Herzegovina,Sep,,,37.23,-3.87
Bosnia and Herzegovina,Oct,,,37.99,-3.81
Bosnia and Herzegovina,Nov,,,34.12,-5.15
Bosnia and Herzegovina,Dec,,,35.13,-1.49
Bulgaria,Jan,9.73,-7.0,15.54,22.34
Bulgaria,Feb,11.61,-0.44,18.78,15.27
Bulgaria,Mar,11.58,2.49,21.2,15.66
Bulgaria,Apr,16.44,21.49,22.16,11.76
Bulgaria,May,18.88,-1.81,23.46,10.08
Bulgaria,Jun,22.98,-8.58,27.2,0.08
Bulgaria,Jul,18.3,14.12,30.22,-12.12
Bulgaria,Aug,17.42,17.19,22.51,3.74
Bulgaria,Sep,16.45,24.48,21.11,19.59
Bulgaria,Oct,18.01,4.41,16.29,30.03
Bulgaria,Nov,13.95,-16.22,16.11,26.23
Bulgaria,Dec,9.39,-2.34,15.99,24.3
Croatia,Jan,21.87,-13.77,29.56,40.98
Croatia,Feb,19.04,-18.36,41.18,33.16
Croatia,Mar,19.75,-7.24,57.1,-15.89
Croatia,Apr,26.0,-20.88,43.32,-47.33
Croatia,May,26.66,-34.89,44.53,-43.37
Croatia,Jun,21.3,-41.88,43.19,-21.74
Croatia,Jul,25.02,-40.21,38.89,-26.66
Croatia,Aug,25.34,-39.79,39.12,-32.95
Croatia,Sep,30.36,-28.61,45.83,-25.33
Croatia,Oct,16.77,-12.46,44.82,-13.73
Croatia,Nov,25.63,-24.46,32.62,-7.07
Croatia,Dec,23.18,-15.91,44.3,25.72
Cyprus,Jan,15.52,0.0,31.27,-16.04
Cyprus,Feb,16.38,0.0,39.93,-14.74
Cyprus,Mar,24.47,0.0,43.57,5.33
Cyprus,Apr,24.67,0.0,45.99,11.35
Cyprus,May,26.9,0.0,47.08,3.14
Cyprus,Jun,21.04,0.0,42.12,-15.41
Cyprus,Jul,19.65,0.0,41.42,-32.05
Cyprus,Aug,19.67,0.0,39.77,-34.76
Cyprus,Sep,20.84,0.0,35.46,-17.78
Cyprus,Oct,21.39,0.0,31.69,-12.53
Cyprus,Nov,19.02,0.0,33.58,-7.48
Cyprus,Dec,14.44,0.0,31.6,-21.35
Czechia,Jan,3.03,10.63,12.53,-25.17
Czechia,Feb,3.81,7.76,19.33,-24.57
Czechia,Mar,6.03,12.02,23.45,-24.99
Czechia,Apr,8.89,2.6,27.85,-13.73
Czechia,May,10.33,2.51,36.29,-40.18
Czechia,Jun,10.64,5.8,43.18,-48.36
Czechia,Jul,10.42,14.0,32.36,-28.25
Czechia,Aug,9.98,17.35,26.44,-21.5
Czechia,Sep,7.78,21.72,21.78,-23.8
Czechia,Oct,5.59,11.71,19.19,-30.09
Czechia,Nov,3.2,12.66,18.58,-25.6
Czechia,Dec,2.27,17.59,12.71,-24.1
Denmark,Jan,58.8,3.55,65.88,-13.25
Denmark,Feb,60.24,2.91,59.99,-16.32
Denmark,Mar,60.26,1.04,70.21,1.67
Denmark,Apr,66.55,-11.54,70.09,14.42
Denmark,May,70.47,-14.82,80.66,13.9
Denmark,Jun,77.47,-18.62,78.78,39.63
Denmark,Jul,69.82,-17.71,78.92,5.35
Denmark,Aug,69.22,-23.28,79.95,23.97
Denmark,Sep,65.57,-26.99,79.68,45.61
Denmark,Oct,63.42,-11.67,72.83,15.3
Denmark,Nov,50.02,-14.54,77.02,19.18
Denmark,Dec,59.93,-6.36,66.81,-18.62
Egypt,Jan,4.14,0.0,18.34,1.31
Egypt,Feb,4.81,0.0,22.32,-1.97
Egypt,Mar,5.11,0.0,25.09,-1.4
Egypt,Apr,6.42,0.0,24.48,-1.02
Egypt,May,5.91,0.0,22.72,-0.76
Egypt,Jun,5.41,0.0,20.29,-2.29
Egypt,Jul,3.87,0.0,17.22,-3.79
Egypt,Aug,4.03,0.0,17.07,-2.02
Egypt,Sep,5.08,0.0,18.7,-1.11
Egypt,Oct,6.87,0.0,16.37,0.22
Egypt,Nov,7.1,0.0,20.87,1.6
Egypt,Dec,,,18.17,0.77
Estonia,Jan,24.2,-39.3,42.88,-61.5
Estonia,Feb,27.23,-47.75,35.5,-63.05
Estonia,Mar,27.54,-44.57,50.91,-64.69
Estonia,Apr,42.63,-45.09,65.14,-58.61
Estonia,May,44.47,-25.58,68.88,-57.85
Estonia,Jun,41.86,-21.84,64.78,-50.43
Estonia,Jul,46.19,-31.57,61.48,-53.09
Estonia,Aug,48.64,-40.05,62.37,-58.74
Estonia,Sep,44.03,-28.73,69.03,-58.79
Estonia,Oct,46.22,-35.76,52.21,-55.3
Estonia,Nov,43.34,-44.14,57.18,-69.39
Estonia,Dec,43.12,-37.89,39.61,-63.83
Finland,Jan,22.72,-5.92,72.55,9.2
Finland,Feb,22.84,-4.38,64.45,2.83
Finland,Mar,19.06,-13.31,70.05,4.11
Finland,Apr,24.81,-10.82,75.3,-1.04
Finland,May,20.48,-8.97,76.81,-5.97
Finland,Jun,16.55,0.12,72.6,-9.25
Finland,Jul,16.92,4.95,70.33,-7.86
Finland,Aug,24.62,-5.53,69.56,-9.18
Finland,Sep,28.48,-2.68,81.77,-1.15
Finland,Oct,31.26,3.68,69.03,-2.24
Finland,Nov,29.06,0.69,72.6,-4.22
Finland,Dec,30.17,1.63,69.97,2.01
France,Jan,11.44,13.46,31.62,-2.51
France,Feb,14.07,18.21,29.33,-1.63
France,Mar,13.45,17.97,42.07,-3.55
France,Apr,16.56,15.56,40.0,-6.84
France,May,12.14,30.38,57.1,-15.93
France,Jun,13.3,28.39,45.67,-7.03
France,Jul,12.76,27.45,49.19,-9.73
France,Aug,13.39,26.92,41.08,-9.1
France,Sep,15.5,25.9,45.95,-1.9
France,Oct,12.38,24.35,37.94,-0.12
France,Nov,11.08,19.87,53.2,-2.48
France,Dec,11.74,15.44,34.72,3.59
Germany,Jan,41.22,3.81,60.73,-7.44
Germany,Feb,43.01,0.52,60.9,-5.82
Germany,Mar,40.1,-3.52,72.58,-0.06
Germany,Apr,45.52,-6.54,72.57,2.2
Germany,May,42.43,-9.32,78.73,11.04
Germany,Jun,42.55,-9.89,76.45,9.39
Germany,Jul,42.83,-11.51,74.9,5.57
Germany,Aug,39.8,-11.97,74.17,3.68
Germany,Sep,43.69,-7.39,75.53,3.82
Germany,Oct,37.52,-8.34,72.11,0.85
Germany,Nov,32.13,-3.23,77.13,4.09
Germany,Dec,38.19,0.35,65.61,-3.78
Greece,Jan,46.06,-5.14,66.66,11.41
Greece,Feb,44.27,-10.75,74.72,18.79
Greece,Mar,40.1,-3.53,73.64,2.07
Greece,Apr,50.08,5.67,72.32,-5.08
Greece,May,43.37,4.53,69.09,-2.89
Greece,Jun,39.96,-3.96,68.85,13.99
Greece,Jul,40.45,-1.39,71.55,35.31
Greece,Aug,39.13,-3.19,76.5,37.12
Greece,Sep,39.86,-8.88,70.58,25.6
Greece,Oct,51.01,-1.43,62.84,8.58
Greece,Nov,38.71,16.94,65.41,7.59
Greece,Dec,37.19,8.78,68.23,4.52
Hungary,Jan,11.6,-32.0,10.71,-19.43
Hungary,Feb,16.21,-33.28,15.04,-16.77
Hungary,Mar,20.08,-29.65,21.89,-18.85
Hungary,Apr,24.72,-16.21,32.27,-13.63
Hungary,May,28.22,-16.84,33.99,-19.96
Hungary,Jun,26.65,-18.44,30.53,-13.16
Hungary,Jul,27.71,-18.09,33.33,-17.2
Hungary,Aug,27.02,-20.48,30.99,-24.85
Hungary,Sep,22.5,-26.98,25.56,-10.65
Hungary,Oct,18.48,-24.13,17.66,-14.45
Hungary,Nov,10.78,-25.45,11.76,-23.29
Hungary,Dec,8.62,-26.59,9.35,-24.17
Ireland,Jan,40.84,-12.07,79.92,15.28
Ireland,Feb,48.22,-13.06,76.25,15.54
Ireland,Mar,50.75,-13.27,85.12,18.62
Ireland,Apr,42.49,-16.19,78.87,13.37
Ireland,May,29.54,-18.52,84.18,4.62
Ireland,Jun,37.37,-21.12,74.91,1.6
Ireland,Jul,33.33,-20.52,75.7,-2.48
Ireland,Aug,48.17,-19.56,82.87,11.85
Ireland,Sep,38.22,-16.67,79.63,2.82
Ireland,Oct,42.18,-14.38,76.56,-4.57
Ireland,Nov,33.83,-13.23,83.13,15.1
Ireland,Dec,48.37,-13.44,75.22,11.15
Israel,Jan,,,19.2,5.81
Israel,Feb,,,23.91,5.36
Israel,Mar,,,28.81,2.66
Israel,Apr,,,32.67,0.58
Israel,May,,,31.7,2.79
Israel,Jun,,,26.74,4.1
Israel,Jul,,,22.93,4.27
Israel,Aug,,,22.55,3.83
Israel,Sep,,,23.8,1.29
Israel,Oct,,,21.23,2.62
Israel,Nov,,,22.23,2.38
Israel,Dec,,,19.81,5.59
Italy,Jan,20.86,-22.38,42.04,5.86
Italy,Feb,21.6,-26.28,51.38,4.82
Italy,Mar,24.25,-22.47,59.15,-9.22
Italy,Apr,27.46,-14.72,52.06,-6.82
Italy,May,25.65,-16.69,50.94,-7.71
Italy,Jun,22.91,-12.55,51.79,-10.4
Italy,Jul,20.82,-14.48,49.98,-14.77
Italy,Aug,20.12,-13.94,45.45,-17.72
Italy,Sep,21.24,-15.51,49.13,-21.17
Italy,Oct,16.83,-17.99,51.71,-15.15
Italy,Nov,16.85,-16.75,46.5,-16.15
Italy,Dec,22.74,-19.2,52.96,-0.78
Latvia,Jan,4.87,20.8,43.62,17.45
Latvia,Feb,4.62,26.01,39.66,25.44
Latvia,Mar,4.75,62.35,43.22,-0.31
Latvia,Apr,6.13,45.44,35.15,22.05
Latvia,May,18.84,-1.61,48.39,20.12
Latvia,Jun,34.93,-53.89,54.2,9.26
Latvia,Jul,34.09,-46.93,45.29,-9.38
Latvia,Aug,27.49,-43.79,49.77,-5.87
Latvia,Sep,22.87,-45.52,53.18,-5.97
Latvia,Oct,28.53,-63.67,43.45,6.34
Latvia,Nov,18.3,-46.43,53.53,25.33
Latvia,Dec,18.84,-45.58,36.32,26.73
Libya,Jan,,,10.26,-8.97
Libya,Feb,,,9.84,-8.75
Libya,Mar,,,11.35,-9.43
Libya,Apr,,,14.62,-11.47
Libya,May,,,12.06,-6.67
Libya,Jun,,,8.72,-4.22
Libya,Jul,,,7.61,-1.13
Libya,Aug,,,6.94,-1.82
Libya,Sep,,,7.74,-5.18
Libya,Oct,,,8.92,-8.18
Libya,Nov,,,9.5,-10.17
Libya,Dec,,,10.51,-9.92
Lithuania,Jan,54.42,-50.84,65.98,-0.48
Lithuania,Feb,50.04,-52.06,66.68,6.57
Lithuania,Mar,56.38,-48.21,69.71,-0.5
Lithuania,Apr,59.84,-41.11,71.63,2.84
Lithuania,May,64.04,-40.24,76.64,16.58
Lithuania,Jun,58.74,-45.82,76.18,17.7
Lithuania,Jul,57.72,-46.21,70.09,-1.93
Lithuania,Aug,57.01,-45.94,72.47,14.72
Lithuania,Sep,60.51,-47.18,77.38,11.54
Lithuania,Oct,55.39,-49.84,72.43,2.96
Lithuania,Nov,54.8,-45.65,78.92,33.34
Lithuania,Dec,56.01,-40.05,65.84,1.18
Luxembourg,Jan,49.98,-76.45,52.05,-67.02
Luxembourg,Feb,59.5,-72.91,53.04,-71.94
Luxembourg,Mar,54.78,-74.63,61.59,-60.46
Luxembourg,Apr,64.43,-72.06,54.87,-63.29
Luxembourg,May,52.06,-74.39,58.63,-61.83
Luxembourg,Jun,54.38,-73.29,60.8,-61.96
Luxembourg,Jul,49.87,-73.47,60.84,-60.32
Luxembourg,Aug,48.36,-71.04,55.57,-66.24
Luxembourg,Sep,51.95,-69.52,59.95,-68.64
Luxembourg,Oct,40.43,-72.45,59.98,-71.13
Luxembourg,Nov,41.23,-78.85,66.92,-65.16
Luxembourg,Dec,42.96,-75.66,57.78,-68.71
Malta,Jan,11.11,-20.59,24.17,-87.55
Malta,Feb,11.54,-18.75,32.29,-85.47
Malta,Mar,17.86,-15.15,41.38,-88.39
Malta,Apr,20.83,-22.58,49.64,-89.45
Malta,May,22.22,-18.18,49.76,-88.03
Malta,Jun,17.24,-21.62,37.02,-80.55
Malta,Jul,15.63,-27.27,20.78,-67.71
Malta,Aug,14.71,-26.09,12.7,-58.41
Malta,Sep,17.86,-30.0,16.31,-69.68
Malta,Oct,14.81,-25.0,30.61,-85.07
Malta,Nov,11.11,-18.18,27.9,-88.26
Malta,Dec,8.0,-24.24,27.83,-89.97
Moldova,Jan,2.17,-13.21,31.67,-54.38
Moldova,Feb,2.22,-4.26,26.5,-59.91
Moldova,Mar,2.04,-2.0,38.53,-60.15
Moldova,Apr,2.27,0.0,56.96,-73.56
Moldova,May,2.33,2.38,57.18,-72.32
Moldova,Jun,0.0,-2.27,68.35,-78.69
Moldova,Jul,2.04,-5.77,68.2,-76.29
Moldova,Aug,2.13,-2.08,64.42,-82.05
Moldova,Sep,,,64.32,-79.41
Moldova,Oct,,,47.44,-73.91
Moldova,Nov,,,32.31,-65.66
Moldova,Dec,,,26.94,-54.88
Montenegro,Jan,10.81,8.82,8.53,48.57
Montenegro,Feb,8.33,50.0,20.23,19.06
Montenegro,Mar,7.89,46.15,44.81,-25.44
Montenegro,Apr,20.0,25.0,30.51,-76.57
Montenegro,May,33.33,-30.77,23.23,-39.48
Montenegro,Jun,12.5,-38.46,31.33,-43.33
Montenegro,Jul,13.05,-30.3,31.05,-54.57
Montenegro,Aug,12.0,-32.43,29.05,-52.96
Montenegro,Sep,13.64,-15.38,33.17,-20.93
Montenegro,Oct,5.71,29.63,34.31,-11.08
Montenegro,Nov,8.57,-7.89,16.72,35.98
Montenegro,Dec,7.89,-11.63,29.13,3.11
Morocco,Jan,22.7,-1.21,58.13,-6.67
Morocco,Feb,30.47,-2.58,58.94,-12.68
Morocco,Mar,26.66,-7.62,59.51,-15.84
Morocco,Apr,29.96,-8.33,69.71,-2.73
Morocco,May,33.74,-8.61,65.86,-11.24
Morocco,Jun,33.84,-5.75,57.24,-17.09
Morocco,Jul,30.79,-7.54,62.21,-11.7
Morocco,Aug,27.95,-6.92,61.69,-12.72
Morocco,Sep,26.25,-8.38,56.2,-14.53
Morocco,Oct,,,48.08,-19.53
Morocco,Nov,,,52.86,-13.99
Morocco,Dec,,,47.26,-19.46
Netherlands,Jan,38.41,5.63,66.11,2.86
Netherlands,Feb,41.78,3.21,59.1,-5.14
Netherlands,Mar,40.34,7.42,74.43,-4.09
Netherlands,Apr,54.83,5.65,71.32,-7.14
Netherlands,May,45.86,-5.74,79.62,0.95
Netherlands,Jun,49.37,-3.6,74.68,-6.46
Netherlands,Jul,49.07,-3.0,78.7,-3.45
Netherlands,Aug,45.12,0.03,77.04,-0.38
Netherlands,Sep,43.98,-0.15,78.03,-7.08
Netherlands,Oct,36.77,-3.33,73.39,-7.75
Netherlands,Nov,26.91,10.38,75.87,-11.19
Netherlands,Dec,36.57,5.37,69.24,-4.36
North Macedonia,Jan,6.06,-15.38,26.88,-38.5
North Macedonia,Feb,4.48,13.56,43.37,-44.58
North Macedonia,Mar,9.26,1.89,44.8,-47.94
North Macedonia,Apr,10.64,-11.32,45.16,-58.0
North Macedonia,May,8.69,12.2,41.85,-31.64
North Macedonia,Jun,8.0,38.89,39.14,-23.31
North Macedonia,Jul,10.53,3.64,39.27,-4.35
North Macedonia,Aug,8.93,7.69,36.04,-17.93
North Macedonia,Sep,12.24,2.08,35.63,-21.79
North Macedonia,Oct,11.9,-10.64,31.53,-25.75
North Macedonia,Nov,6.56,-18.67,27.45,-33.67
North Macedonia,Dec,6.35,-27.59,24.88,-34.4
Norway,Jan,11.3,1.41,34.7,22.8
Norway,Feb,10.97,6.62,25.05,15.35
Norway,Mar,9.33,12.75,37.51,17.8
Norway,Apr,9.36,8.75,22.26,35.1
Norway,May,6.52,19.4,25.05,29.74
Norway,Jun,8.3,20.04,27.66,39.81
Norway,Jul,5.84,20.29,22.59,41.98
Norway,Aug,10.44,16.22,25.71,40.77
Norway,Sep,8.38,18.76,27.64,36.34
Norway,Oct,10.96,12.41,33.89,22.93
Norway,Nov,9.29,16.25,45.1,7.99
Norway,Dec,11.31,14.85,26.62,15.68
Palestine,Jan,,,19.31,-82.86
Palestine,Feb,,,25.92,-81.7
Palestine,Mar,,,28.4,-78.12
Palestine,Apr,,,31.62,-74.52
Palestine,May,,,31.17,-74.26
Palestine,Jun,,,36.88,-82.91
Palestine,Jul,,,25.74,-77.88
Palestine,Aug,,,25.27,-77.17
Palestine,Sep,,,23.95,-76.25
Palestine,Oct,,,28.64,-83.15
Palestine,Nov,,,21.86,-78.18
Palestine,Dec,,,18.2,-80.27
Poland,Jan,23.19,-2.0,35.73,-3.88
Poland,Feb,24.35,-3.33,39.9,-4.18
Poland,Mar,23.19,-3.04,47.17,-10.42
Poland,Apr,29.07,-1.75,56.51,-14.32
Poland,May,31.44,-2.5,60.54,-12.59
Poland,Jun,25.64,-3.45,60.66,-10.58
Poland,Jul,26.1,-2.63,51.33,-12.6
Poland,Aug,25.72,0.34,52.99,-10.37
Poland,Sep,29.41,2.16,55.03,-8.62
Poland,Oct,23.7,-2.86,43.93,-8.63
Poland,Nov,19.77,2.47,57.03,-5.19
Poland,Dec,18.71,3.93,32.75,-10.34
Portugal,Jan,30.37,-6.74,73.96,12.31
Portugal,Feb,40.24,-3.19,62.31,17.25
Portugal,Mar,37.53,11.9,76.68,18.44
Portugal,Apr,39.08,-0.17,74.02,10.03
Portugal,May,50.26,-26.55,76.95,11.97
Portugal,Jun,48.34,-37.99,73.11,14.08
Portugal,Jul,49.85,-37.87,76.26,12.66
Portugal,Aug,52.13,-35.13,78.42,16.24
Portugal,Sep,51.76,-34.97,76.46,13.38
Portugal,Oct,47.62,-24.9,70.31,8.81
Portugal,Nov,46.32,-18.96,77.95,8.9
Portugal,Dec,45.35,-32.89,77.15,11.69
Romania,Jan,16.14,8.32,33.04,60.01
Romania,Feb,17.85,11.03,34.15,40.77
Romania,Mar,16.2,4.87,40.32,31.71
Romania,Apr,19.63,-3.93,43.28,32.33
Romania,May,22.41,-9.25,48.47,9.75
Romania,Jun,20.42,-8.57,44.78,25.53
Romania,Jul,19.23,-10.36,40.99,45.73
Romania,Aug,19.57,-11.25,33.46,42.84
Romania,Sep,20.89,-3.53,41.96,33.11
Romania,Oct,17.97,-5.92,35.86,36.51
Romania,Nov,15.64,-11.94,30.63,41.23
Romania,Dec,17.78,-9.4,33.84,47.39
Russia,Jan,0.53,0.08,0.53,0.08
Russia,Feb,0.57,0.16,0.57,0.16
Russia,Mar,0.58,0.04,0.58,0.04
Russia,Apr,0.77,0.04,0.77,0.04
Russia,May,0.76,0.02,0.76,0.02
Russia,Jun,0.77,0.11,0.77,0.11
Russia,Jul,0.69,0.15,0.69,0.15
Russia,Aug,0.74,0.15,0.74,0.15
Russia,Sep,0.9,0.01,0.9,0.01
Russia,Oct,0.63,0.05,0.63,0.05
Russia,Nov,0.5,0.1,0.5,0.1
Russia,Dec,0.42,0.2,0.42,0.2
Serbia,Jan,2.35,8.25,26.98,-18.33
Serbia,Feb,3.86,7.61,42.36,-0.66
Serbia,Mar,4.42,7.46,44.5,-2.33
Serbia,Apr,3.95,2.02,38.29,-0.87
Serbia,May,4.8,-8.76,34.84,-7.62
Serbia,Jun,2.16,-9.06,34.02,-7.79
Serbia,Jul,2.3,-14.71,34.36,-6.72
Serbia,Aug,1.78,-16.04,32.47,-17.02
Serbia,Sep,4.68,-8.91,36.47,-19.02
Serbia,Oct,3.61,4.45,36.11,-15.35
Serbia,Nov,3.23,-2.21,32.93,-9.68
Serbia,Dec,2.84,-8.12,31.26,-13.64
Slovakia,Jan,0.74,21.26,8.02,6.0
Slovakia,Feb,0.87,28.49,12.03,17.34
Slovakia,Mar,1.46,25.05,14.62,17.82
Slovakia,Apr,2.52,13.49,21.32,3.66
Slovakia,May,3.52,3.97,19.37,1.21
Slovakia,Jun,3.44,0.2,18.31,-0.81
Slovakia,Jul,3.65,2.05,19.6,-4.91
Slovakia,Aug,3.12,5.02,15.91,-2.6
Slovakia,Sep,2.14,16.38,14.85,-0.81
Slovakia,Oct,1.59,16.04,11.1,7.46
Slovakia,Nov,0.93,5.77,8.05,12.51
Slovakia,Dec,0.55,10.97,7.38,20.57
Slovenia,Jan,1.46,7.47,16.15,-60.12
Slovenia,Feb,4.86,15.46,20.06,-48.07
Slovenia,Mar,6.59,21.28,24.31,-46.07
Slovenia,Apr,15.25,-11.89,28.5,-29.62
Slovenia,May,11.62,29.93,31.67,-27.41
Slovenia,Jun,9.0,53.53,38.98,-57.95
Slovenia,Jul,11.66,34.74,37.13,-49.89
Slovenia,Aug,11.73,26.27,29.38,-30.63
Slovenia,Sep,6.76,23.67,25.9,-38.82
Slovenia,Oct,3.9,49.41,24.53,-55.22
Slovenia,Nov,3.65,13.98,15.29,-56.85
Slovenia,Dec,2.34,2.1,13.46,-54.65
Spain,Jan,34.23,2.89,69.91,14.58
Spain,Feb,43.92,5.92,74.93,16.89
Spain,Mar,43.03,4.5,75.2,18.17
Spain,Apr,44.61,6.37,76.67,19.59
Spain,May,47.07,4.53,74.58,19.13
Spain,Jun,47.17,6.46,73.38,15.99
Spain,Jul,45.35,4.13,73.81,14.13
Spain,Aug,43.3,1.66,71.75,10.8
Spain,Sep,42.94,5.87,72.64,14.93
Spain,Oct,40.63,4.77,72.49,14.26
Spain,Nov,35.99,2.26,81.43,19.11
Spain,Dec,35.72,3.11,79.1,18.32
Sweden,Jan,28.13,14.69,44.1,-9.13
Sweden,Feb,24.92,20.01,38.27,-7.26
Sweden,Mar,19.68,24.92,48.58,-10.47
Sweden,Apr,22.59,21.55,53.33,-4.1
Sweden,May,21.29,35.13,61.41,-3.31
Sweden,Jun,23.93,30.59,59.46,3.59
Sweden,Jul,22.8,34.25,55.39,3.78
Sweden,Aug,27.34,42.26,55.76,0.57
Sweden,Sep,25.95,30.75,66.51,0.01
Sweden,Oct,29.6,30.37,44.72,-2.75
Sweden,Nov,30.51,26.83,54.45,-2.86
Sweden,Dec,34.66,25.88,34.24,-3.57
Switzerland,Jan,2.14,0.0,21.14,-23.08
Switzerland,Feb,5.05,-1.03,26.38,-30.31
Switzerland,Mar,7.15,9.95,38.05,-26.94
Switzerland,Apr,10.0,15.17,36.13,20.93
Switzerland,May,11.79,14.0,36.7,10.02
Switzerland,Jun,10.74,32.53,35.28,59.22
Switzerland,Jul,10.06,72.9,36.04,50.79
Switzerland,Aug,10.98,52.26,32.77,59.23
Switzerland,Sep,8.76,20.57,34.45,3.02
Switzerland,Oct,4.87,22.16,31.85,-15.77
Switzerland,Nov,3.5,-1.96,29.53,-45.96
Switzerland,Dec,2.62,-11.71,24.49,-45.25
Tunisia,Jan,2.16,0.0,23.42,-0.25
Tunisia,Feb,2.42,0.0,28.12,6.32
Tunisia,Mar,2.17,0.0,27.34,5.21
Tunisia,Apr,2.33,0.0,25.6,8.33
Tunisia,May,1.42,0.0,25.64,-1.1
Tunisia,Jun,1.75,0.0,20.49,-3.61
Tunisia,Jul,0.89,0.0,14.8,-6.87
Tunisia,Aug,0.87,0.0,13.91,-5.83
Tunisia,Sep,1.75,0.0,17.54,-1.64
Tunisia,Oct,2.14,0.0,21.59,2.41
Tunisia,Nov,1.71,0.0,22.86,-2.72
Tunisia,Dec,2.19,0.0,28.36,3.57
Turkiye,Jan,17.14,0.25,15.43,-1.84
Turkiye,Feb,15.83,0.11,18.72,-1.95
Turkiye,Mar,14.64,-0.36,18.94,-2.23
Turkiye,Apr,23.53,-0.29,17.38,-2.32
Turkiye,May,18.54,-0.71,17.69,-2.27
Turkiye,Jun,21.89,-0.77,19.0,-2.02
Turkiye,Jul,21.08,0.15,18.84,-1.85
Turkiye,Aug,18.86,0.0,22.45,-1.56
Turkiye,Sep,16.54,0.0,17.8,-2.04
Turkiye,Oct,19.39,-0.04,14.9,-2.17
Turkiye,Nov,15.98,-0.18,12.39,-2.05
Turkiye,Dec,15.33,-0.2,14.87,-1.96
Ukraine,Jan,,,5.05,-3.26
Ukraine,Feb,,,3.9,-3.09
Ukraine,Mar,,,4.93,8.3
Ukraine,Apr,,,5.36,10.85
Ukraine,May,,,5.82,12.38
Ukraine,Jun,,,6.14,4.68
Ukraine,Jul,,,6.35,-15.93
Ukraine,Aug,,,5.62,-16.16
Ukraine,Sep,,,6.12,-10.76
Ukraine,Oct,,,5.0,6.33
Ukraine,Nov,,,4.27,1.3
Ukraine,Dec,,,5.14,2.08
United Kingdom,Jan,38.97,-7.25,65.57,16.12
United Kingdom,Feb,43.69,-13.26,58.48,12.05
United Kingdom,Mar,45.14,-16.74,70.65,14.57
United Kingdom,Apr,49.6,-10.89,64.5,3.46
United Kingdom,May,33.78,-17.54,77.87,12.7
United Kingdom,Jun,42.5,-16.68,58.21,-0.95
United Kingdom,Jul,37.21,-17.36,70.33,15.59
United Kingdom,Aug,46.88,-9.73,70.89,15.49
United Kingdom,Sep,37.7,-13.1,73.24,16.96
United Kingdom,Oct,39.91,-11.07,65.52,18.45
United Kingdom,Nov,33.3,-9.83,74.52,15.24
United Kingdom,Dec,40.99,-8.55,60.46,12.57
