Country,Month,RES-E,NET-P
Austria,Jan,19.88,4.94
Austria,Feb,23.23,1.28
Austria,Mar,25.61,2.45
Austria,Apr,26.49,17.26
Austria,May,21.94,27.37
Austria,Jun,18.18,20.96
Austria,Jul,21.37,17.82
Austria,Aug,22.68,-0.03
Austria,Sep,24.76,4.61
Austria,Oct,17.61,15.37
Austria,Nov,17.69,-8.12
Austria,Dec,20.47,-11.1
Belgium,Jan,25.4,-7.36
Belgium,Feb,29.73,-11.61
Belgium,Mar,28.31,-20.14
Belgium,Apr,38.07,-13.41
Belgium,May,24.61,-13.54
Belgium,Jun,28.2,-6.63
Belgium,Jul,27.47,-2.76
Belgium,Aug,28.94,-6.24
Belgium,Sep,29.55,-20.44
Belgium,Oct,25.61,-24.91
Belgium,Nov,19.5,-19.08
Belgium,Dec,24.67,-12.48
Bulgaria,Jan,9.73,-7.0
Bulgaria,Feb,11.61,-0.44
Bulgaria,Mar,11.58,2.49
Bulgaria,Apr,16.44,21.49
Bulgaria,May,18.88,-1.81
Bulgaria,Jun,22.98,-8.58
Bulgaria,Jul,18.3,14.12
Bulgaria,Aug,17.42,17.19
Bulgaria,Sep,16.45,24.48
Bulgaria,Oct,18.01,4.41
Bulgaria,Nov,13.95,-16.22
Bulgaria,Dec,9.39,-2.34
Croatia,Jan,21.87,-13.77
Croatia,Feb,19.04,-18.36
Croatia,Mar,19.75,-7.24
Croatia,Apr,26.0,-20.88
Croatia,May,26.66,-34.89
Croatia,Jun,21.3,-41.88
Croatia,Jul,25.02,-40.21
Croatia,Aug,25.34,-39.79
Croatia,Sep,30.36,-28.61
Croatia,Oct,16.77,-12.46
Croatia,Nov,25.63,-24.46
Croatia,Dec,23.18,-15.91
Cyprus,Jan,15.52,0.0
Cyprus,Feb,16.38,0.0
Cyprus,Mar,24.47,0.0
Cyprus,Apr,24.67,0.0
Cyprus,May,26.9,0.0
Cyprus,Jun,21.04,0.0
Cyprus,Jul,19.65,0.0
Cyprus,Aug,19.67,0.0
Cyprus,Sep,20.84,0.0
Cyprus,Oct,21.39,0.0
Cyprus,Nov,19.02,0.0
Cyprus,Dec,14.44,0.0
Czechia,Jan,3.03,10.63
Czechia,Feb,3.81,7.76
Czechia,Mar,6.03,12.02
Czechia,Apr,8.89,2.6
Czechia,May,10.33,2.51
Czechia,Jun,10.64,5.8
Czechia,Jul,10.42,14.0
Czechia,Aug,9.98,17.35
Czechia,Sep,7.78,21.72
Czechia,Oct,5.59,11.71
Czechia,Nov,3.2,12.66
Czechia,Dec,2.27,17.59
Denmark,Jan,58.8,3.55
Denmark,Feb,60.24,2.91
Denmark,Mar,60.26,1.04
Denmark,Apr,66.55,-11.54
Denmark,May,70.47,-14.82
Denmark,Jun,77.47,-18.62
Denmark,Jul,69.82,-17.71
Denmark,Aug,69.22,-23.28
Denmark,Sep,65.57,-26.99
Denmark,Oct,63.42,-11.67
Denmark,Nov,50.02,-14.54
Denmark,Dec,59.93,-6.36
Egypt,Jan,4.14,0.0
Egypt,Feb,4.81,0.0
Egypt,Mar,5.11,0.0
Egypt,Apr,6.42,0.0
Egypt,May,5.91,0.0
Egypt,Jun,5.41,0.0
Egypt,Jul,3.87,0.0
Egypt,Aug,4.03,0.0
Egypt,Sep,5.08,0.0
Egypt,Oct,6.87,0.0
Egypt,Nov,7.1,0.0
Estonia,Jan,24.2,-39.3
Estonia,Feb,27.23,-47.75
Estonia,Mar,27.54,-44.57
Estonia,Apr,42.63,-45.09
Estonia,May,44.47,-25.58
Estonia,Jun,41.86,-21.84
Estonia,Jul,46.19,-31.57
Estonia,Aug,48.64,-40.05
Estonia,Sep,44.03,-28.73
Estonia,Oct,46.22,-35.76
Estonia,Nov,43.34,-44.14
Estonia,Dec,43.12,-37.89
Finland,Jan,22.72,-5.92
Finland,Feb,22.84,-4.38
Finland,Mar,19.06,-13.31
Finland,Apr,24.81,-10.82
Finland,May,20.48,-8.97
Finland,Jun,16.55,0.12
Finland,Jul,16.92,4.95
Finland,Aug,24.62,-5.53
Finland,Sep,28.48,-2.68
Finland,Oct,31.26,3.68
Finland,Nov,29.06,0.69
Finland,Dec,30.17,1.63
France,Jan,11.44,13.46
France,Feb,14.07,18.21
France,Mar,13.45,17.97
France,Apr,16.56,15.56
France,May,12.14,30.38
France,Jun,13.3,28.39
France,Jul,12.76,27.45
France,Aug,13.39,26.92
France,Sep,15.5,25.9
France,Oct,12.38,24.35
France,Nov,11.08,19.87
France,Dec,11.74,15.44
Germany,Jan,41.22,3.81
Germany,Feb,43.01,0.52
Germany,Mar,40.1,-3.52
Germany,Apr,45.52,-6.54
Germany,May,42.43,-9.32
Germany,Jun,42.55,-9.89
Germany,Jul,42.83,-11.51
Germany,Aug,39.8,-11.97
Germany,Sep,43.69,-7.39
Germany,Oct,37.52,-8.34
Germany,Nov,32.13,-3.23
Germany,Dec,38.19,0.35
Greece,Jan,46.06,-5.14
Greece,Feb,44.27,-10.75
Greece,Mar,40.1,-3.53
Greece,Apr,50.08,5.67
Greece,May,43.37,4.53
Greece,Jun,39.96,-3.96
Greece,Jul,40.45,-1.39
Greece,Aug,39.13,-3.19
Greece,Sep,39.86,-8.88
Greece,Oct,51.01,-1.43
Greece,Nov,38.71,16.94
Greece,Dec,37.19,8.78
Hungary,Jan,11.6,-32.0
Hungary,Feb,16.21,-33.28
Hungary,Mar,20.08,-29.65
Hungary,Apr,24.72,-16.21
Hungary,May,28.22,-16.84
Hungary,Jun,26.65,-18.44
Hungary,Jul,27.71,-18.09
Hungary,Aug,27.02,-20.48
Hungary,Sep,22.5,-26.98
Hungary,Oct,18.48,-24.13
Hungary,Nov,10.78,-25.45
Hungary,Dec,8.62,-26.59
Ireland,Jan,40.84,-12.07
Ireland,Feb,48.22,-13.06
Ireland,Mar,50.75,-13.27
Ireland,Apr,42.49,-16.19
Ireland,May,29.54,-18.52
Ireland,Jun,37.37,-21.12
Ireland,Jul,33.33,-20.52
Ireland,Aug,48.17,-19.56
Ireland,Sep,38.22,-16.67
Ireland,Oct,42.18,-14.38
Ireland,Nov,33.83,-13.23
Ireland,Dec,48.37,-13.44
Italy,Jan,20.86,-22.38
Italy,Feb,21.6,-26.28
Italy,Mar,24.25,-22.47
Italy,Apr,27.46,-14.72
Italy,May,25.65,-16.69
Italy,Jun,22.91,-12.55
Italy,Jul,20.82,-14.48
Italy,Aug,20.12,-13.94
Italy,Sep,21.24,-15.51
Italy,Oct,16.83,-17.99
Italy,Nov,16.85,-16.75
Italy,Dec,22.74,-19.2
Latvia,Jan,4.87,20.8
Latvia,Feb,4.62,26.01
Latvia,Mar,4.75,62.35
Latvia,Apr,6.13,45.44
Latvia,May,18.84,-1.61
Latvia,Jun,34.93,-53.89
Latvia,Jul,34.09,-46.93
Latvia,Aug,27.49,-43.79
Latvia,Sep,22.87,-45.52
Latvia,Oct,28.53,-63.67
Latvia,Nov,18.3,-46.43
Latvia,Dec,18.84,-45.58
Lithuania,Jan,54.42,-50.84
Lithuania,Feb,50.04,-52.06
Lithuania,Mar,56.38,-48.21
Lithuania,Apr,59.84,-41.11
Lithuania,May,64.04,-40.24
Lithuania,Jun,58.74,-45.82
Lithuania,Jul,57.72,-46.21
Lithuania,Aug,57.01,-45.94
Lithuania,Sep,60.51,-47.18
Lithuania,Oct,55.39,-49.84
Lithuania,Nov,54.8,-45.65
Lithuania,Dec,56.01,-40.05
Luxembourg,Jan,49.98,-76.45
Luxembourg,Feb,59.5,-72.91
Luxembourg,Mar,54.78,-74.63
Luxembourg,Apr,64.43,-72.06
Luxembourg,May,52.06,-74.39
Luxembourg,Jun,54.38,-73.29
Luxembourg,Jul,49.87,-73.47
Luxembourg,Aug,48.36,-71.04
Luxembourg,Sep,51.95,-69.52
Luxembourg,Oct,40.43,-72.45
Luxembourg,Nov,41.23,-78.85
Luxembourg,Dec,42.96,-75.66
Malta,Jan,11.11,-20.59
Malta,Feb,11.54,-18.75
Malta,Mar,17.86,-15.15
Malta,Apr,20.83,-22.58
Malta,May,22.22,-18.18
Malta,Jun,17.24,-21.62
Malta,Jul,15.63,-27.27
Malta,Aug,14.71,-26.09
Malta,Sep,17.86,-30.0
Malta,Oct,14.81,-25.0
Malta,Nov,11.11,-18.18
Malta,Dec,8.0,-24.24
Moldova,Jan,2.17,-13.21
Moldova,Feb,2.22,-4.26
Moldova,Mar,2.04,-2.0
Moldova,Apr,2.27,0.0
Moldova,May,2.33,2.38
Moldova,Jun,0.0,-2.27
Moldova,Jul,2.04,-5.77
Moldova,Aug,2.13,-2.08
Montenegro,Jan,10.81,8.82
Montenegro,Feb,8.33,50.0
Montenegro,Mar,7.89,46.15
Montenegro,Apr,20.0,25.0
Montenegro,May,33.33,-30.77
Montenegro,Jun,12.5,-38.46
Montenegro,Jul,13.05,-30.3
Montenegro,Aug,12.0,-32.43
Montenegro,Sep,13.64,-15.38
Montenegro,Oct,5.71,29.63
Montenegro,Nov,8.57,-7.89
Montenegro,Dec,7.89,-11.63
Morocco,Jan,22.7,-1.21
Morocco,Feb,30.47,-2.58
Morocco,Mar,26.66,-7.62
Morocco,Apr,29.96,-8.33
Morocco,May,33.74,-8.61
Morocco,Jun,33.84,-5.75
Morocco,Jul,30.79,-7.54
Morocco,Aug,27.95,-6.92
Morocco,Sep,26.25,-8.38
Netherlands,Jan,38.41,5.63
Netherlands,Feb,41.78,3.21
Netherlands,Mar,40.34,7.42
Netherlands,Apr,54.83,5.65
Netherlands,May,45.86,-5.74
Netherlands,Jun,49.37,-3.6
Netherlands,Jul,49.07,-3.0
Netherlands,Aug,45.12,0.03
Netherlands,Sep,43.98,-0.15
Netherlands,Oct,36.77,-3.33
Netherlands,Nov,26.91,10.38
Netherlands,Dec,36.57,5.37
North Macedonia,Jan,6.06,-15.38
North Macedonia,Feb,4.48,13.56
North Macedonia,Mar,9.26,1.89
North Macedonia,Apr,10.64,-11.32
North Macedonia,May,8.69,12.2
North Macedonia,Jun,8.0,38.89
North Macedonia,Jul,10.53,3.64
North Macedonia,Aug,8.93,7.69
North Macedonia,Sep,12.24,2.08
North Macedonia,Oct,11.9,-10.64
North Macedonia,Nov,6.56,-18.67
North Macedonia,Dec,6.35,-27.59
Norway,Jan,11.3,1.41
Norway,Feb,10.97,6.62
Norway,Mar,9.33,12.75
Norway,Apr,9.36,8.75
Norway,May,6.52,19.4
Norway,Jun,8.3,20.04
Norway,Jul,5.84,20.29
Norway,Aug,10.44,16.22
Norway,Sep,8.38,18.76
Norway,Oct,10.96,12.41
Norway,Nov,9.29,16.25
Norway,Dec,11.31,14.85
Poland,Jan,23.19,-2.0
Poland,Feb,24.35,-3.33
Poland,Mar,23.19,-3.04
Poland,Apr,29.07,-1.75
Poland,May,31.44,-2.5
Poland,Jun,25.64,-3.45
Poland,Jul,26.1,-2.63
Poland,Aug,25.72,0.34
Poland,Sep,29.41,2.16
Poland,Oct,23.7,-2.86
Poland,Nov,19.77,2.47
Poland,Dec,18.71,3.93
Portugal,Jan,30.37,-6.74
Portugal,Feb,40.24,-3.19
Portugal,Mar,37.53,11.9
Portugal,Apr,39.08,-0.17
Portugal,May,50.26,-26.55
Portugal,Jun,48.34,-37.99
Portugal,Jul,49.85,-37.87
Portugal,Aug,52.13,-35.13
Portugal,Sep,51.76,-34.97
Portugal,Oct,47.62,-24.9
Portugal,Nov,46.32,-18.96
Portugal,Dec,45.35,-32.89
Romania,Jan,16.14,8.32
Romania,Feb,17.85,11.03
Romania,Mar,16.2,4.87
Romania,Apr,19.63,-3.93
Romania,May,22.41,-9.25
Romania,Jun,20.42,-8.57
Romania,Jul,19.23,-10.36
Romania,Aug,19.57,-11.25
Romania,Sep,20.89,-3.53
Romania,Oct,17.97,-5.92
Romania,Nov,15.64,-11.94
Romania,Dec,17.78,-9.4
Russia,Jan,0.53,0.08
Russia,Feb,0.57,0.16
Russia,Mar,0.58,0.04
Russia,Apr,0.77,0.04
Russia,May,0.76,0.02
Russia,Jun,0.77,0.11
Russia,Jul,0.69,0.15
Russia,Aug,0.74,0.15
Russia,Sep,0.9,0.01
Russia,Oct,0.63,0.05
Russia,Nov,0.5,0.1
Russia,Dec,0.42,0.2
Serbia,Jan,2.35,8.25
Serbia,Feb,3.86,7.61
Serbia,Mar,4.42,7.46
Serbia,Apr,3.95,2.02
Serbia,May,4.8,-8.76
Serbia,Jun,2.16,-9.06
Serbia,Jul,2.3,-14.71
Serbia,Aug,1.78,-16.04
Serbia,Sep,4.68,-8.91
Serbia,Oct,3.61,4.45
Serbia,Nov,3.23,-2.21
Serbia,Dec,2.84,-8.12
Slovakia,Jan,0.74,21.26
Slovakia,Feb,0.87,28.49
Slovakia,Mar,1.46,25.05
Slovakia,Apr,2.52,13.49
Slovakia,May,3.52,3.97
Slovakia,Jun,3.44,0.2
Slovakia,Jul,3.65,2.05
Slovakia,Aug,3.12,5.02
Slovakia,Sep,2.14,16.38
Slovakia,Oct,1.59,16.04
Slovakia,Nov,0.93,5.77
Slovakia,Dec,0.55,10.97
Slovenia,Jan,1.46,7.47
Slovenia,Feb,4.86,15.46
Slovenia,Mar,6.59,21.28
Slovenia,Apr,15.25,-11.89
Slovenia,May,11.62,29.93
Slovenia,Jun,9.0,53.53
Slovenia,Jul,11.66,34.74
Slovenia,Aug,11.73,26.27
Slovenia,Sep,6.76,23.67
Slovenia,Oct,3.9,49.41
Slovenia,Nov,3.65,13.98
Slovenia,Dec,2.34,2.1
Spain,Jan,34.23,2.89
Spain,Feb,43.92,5.92
Spain,Mar,43.03,4.5
Spain,Apr,44.61,6.37
Spain,May,47.07,4.53
Spain,Jun,47.17,6.46
Spain,Jul,45.35,4.13
Spain,Aug,43.3,1.66
Spain,Sep,42.94,5.87
Spain,Oct,40.63,4.77
Spain,Nov,35.99,2.26
Spain,Dec,35.72,3.11
Sweden,Jan,28.13,14.69
Sweden,Feb,24.92,20.01
Sweden,Mar,19.68,24.92
Sweden,Apr,22.59,21.55
Sweden,May,21.29,35.13
Sweden,Jun,23.93,30.59
Sweden,Jul,22.8,34.25
Sweden,Aug,27.34,42.26
Sweden,Sep,25.95,30.75
Sweden,Oct,29.6,30.37
Sweden,Nov,30.51,26.83
Sweden,Dec,34.66,25.88
Switzerland,Jan,2.14,0.0
Switzerland,Feb,5.05,-1.03
Switzerland,Mar,7.15,9.95
Switzerland,Apr,10.0,15.17
Switzerland,May,11.79,14.0
Switzerland,Jun,10.74,32.53
Switzerland,Jul,10.06,72.9
Switzerland,Aug,10.98,52.26
Switzerland,Sep,8.76,20.57
Switzerland,Oct,4.87,22.16
Switzerland,Nov,3.5,-1.96
Switzerland,Dec,2.62,-11.71
Tunisia,Jan,2.16,0.0
Tunisia,Feb,2.42,0.0
Tunisia,Mar,2.17,0.0
Tunisia,Apr,2.33,0.0
Tunisia,May,1.42,0.0
Tunisia,Jun,1.75,0.0
Tunisia,Jul,0.89,0.0
Tunisia,Aug,0.87,0.0
Tunisia,Sep,1.75,0.0
Tunisia,Oct,2.14,0.0
Tunisia,Nov,1.71,0.0
Tunisia,Dec,2.19,0.0
Turkiye,Jan,17.14,0.25
Turkiye,Feb,15.83,0.11
Turkiye,Mar,14.64,-0.36
Turkiye,Apr,23.53,-0.29
Turkiye,May,18.54,-0.71
Turkiye,Jun,21.89,-0.77
Turkiye,Jul,21.08,0.15
Turkiye,Aug,18.86,0.0
Turkiye,Sep,16.54,0.0
Turkiye,Oct,19.39,-0.04
Turkiye,Nov,15.98,-0.18
Turkiye,Dec,15.33,-0.2
United Kingdom,Jan,38.97,-7.25
United Kingdom,Feb,43.69,-13.26
United Kingdom,Mar,45.14,-16.74
United Kingdom,Apr,49.6,-10.89
United Kingdom,May,33.78,-17.54
United Kingdom,Jun,42.5,-16.68
United Kingdom,Jul,37.21,-17.36
United Kingdom,Aug,46.88,-9.73
United Kingdom,Sep,37.7,-13.1
United Kingdom,Oct,39.91,-11.07
United Kingdom,Nov,33.3,-9.83
United Kingdom,Dec,40.99,-8.55
